﻿Semester,Subject,Course_No_,Section,Section_Synonym,Active_Student_Count,Section_Capacity,Textbox19,Section_Minimum,Section_Status,Section_Start_Date,Section_End_Date,Instructional_Method,Section_Location,Section_Faculty,Building,Room__,Section_Start_Time,Section_End_Time,Meeting_Frequency,Monday,Tuesday,Wednesday,Thursday,Friday,Saturday,Sunday
19AUCR,CSCI,1001,3,32826,9,24,37.50%,12,Active,8/26/2019,10/19/2019,Lecture,,To be Announced,Delaware Hall,217,9:00 AM,12:50 PM,W,Y,,,,,,
19AUCR,CSCI,1001,W01,32827,24,24,100.00%,12,Active,8/26/2019,10/19/2019,Other Technology,,R. Platt,,,,,W,,,,,,,
19SUCR,CSCI,1001,W01,27643,20,24,83.30%,12,Active,6/10/2019,8/3/2019,Other Technology,,M. Insabella,,,,,W,,,,,,,
19SUCR,CSCI,1001,W02,27644,10,24,41.70%,12,Active,6/10/2019,8/3/2019,Other Technology,,M. Insabella,,,,,W,,,,,,,
19AUCR,CSCI,1001,W02,32883,18,24,75.00%,12,Active,10/20/2019,12/14/2019,Other Technology,,To be Announced,,,,,W,,,,,,,
19SUCR,CSCI,1001,W03,27645,2,24,8.30%,12,Active,6/10/2019,8/3/2019,Other Technology,,M. Insabella,,,,,W,,,,,,,
19AUCR,CSCI,1101,1,32340,24,24,100.00%,12,Active,8/26/2019,12/14/2019,Lecture,,C. Feeney,Center for Workforce Devlp.,309,8:00 AM,8:50 AM,W,Y,,Y,,,,
19AUCR,CSCI,1101,1,32340,24,24,100.00%,12,Active,8/26/2019,12/14/2019,Lab,,C. Feeney,Center for Workforce Devlp.,309,8:50 AM,9:50 AM,W,Y,,Y,,,,
19AUCR,CSCI,1101,2,32341,24,24,100.00%,12,Active,8/26/2019,12/14/2019,Lecture,,C. Feeney,Delaware Hall,202,10:00 AM,10:50 AM,W,Y,,Y,,,,
19AUCR,CSCI,1101,2,32341,24,24,100.00%,12,Active,8/26/2019,12/14/2019,Lab,,C. Feeney,Delaware Hall,202,10:50 AM,11:50 AM,W,Y,,Y,,,,
19AUCR,CSCI,1101,3,32342,24,24,100.00%,12,Active,8/26/2019,12/14/2019,Lecture,,V. Dunson,Delaware Hall,202,12:00 PM,12:50 PM,W,Y,,Y,,,,
19AUCR,CSCI,1101,3,32342,24,24,100.00%,12,Active,8/26/2019,12/14/2019,Lab,,V. Dunson,Delaware Hall,202,12:50 PM,1:50 PM,W,Y,,Y,,,,
19AUCR,CSCI,1101,4,32343,24,24,100.00%,12,Active,8/26/2019,12/14/2019,Lecture,,V. Dunson,Center for Workforce Devlp.,309,2:00 PM,2:50 PM,W,Y,,Y,,,,
19AUCR,CSCI,1101,4,32343,24,24,100.00%,12,Active,8/26/2019,12/14/2019,Lab,,V. Dunson,Center for Workforce Devlp.,309,2:50 PM,3:50 PM,W,Y,,Y,,,,
19AUCR,CSCI,1101,5,32344,14,24,58.30%,12,Active,8/26/2019,12/14/2019,Lecture,,V. Dunson,Center for Workforce Devlp.,309,4:00 PM,4:50 PM,W,Y,,Y,,,,
19AUCR,CSCI,1101,5,32344,14,24,58.30%,12,Active,8/26/2019,12/14/2019,Lab,,V. Dunson,Center for Workforce Devlp.,309,4:50 PM,5:50 PM,W,Y,,Y,,,,
19AUCR,CSCI,1101,6,32345,9,24,37.50%,12,Active,8/26/2019,12/14/2019,Lecture,,T. Casparro,Delaware Hall,202,6:00 PM,7:50 PM,W,Y,,,,,,
19AUCR,CSCI,1101,6,32345,9,24,37.50%,12,Active,8/26/2019,12/14/2019,Lab,,T. Casparro,Delaware Hall,202,7:50 PM,9:50 PM,W,Y,,,,,,
19AUCR,CSCI,1101,7,32346,19,24,79.20%,12,Active,8/26/2019,12/14/2019,Lecture,,A. Nimely,Delaware Hall,202,8:00 AM,8:50 AM,W,,Y,,Y,,,
19AUCR,CSCI,1101,7,32346,19,24,79.20%,12,Active,8/26/2019,12/14/2019,Lab,,A. Nimely,Delaware Hall,202,8:50 AM,9:50 AM,W,,Y,,Y,,,
19AUCR,CSCI,1101,8,32347,24,24,100.00%,12,Active,8/26/2019,12/14/2019,Lecture,,R. Brugler,Delaware Hall,202,10:00 AM,10:50 AM,W,,Y,,Y,,,
19AUCR,CSCI,1101,8,32347,24,24,100.00%,12,Active,8/26/2019,12/14/2019,Lab,,R. Brugler,Delaware Hall,202,10:50 AM,11:50 AM,W,,Y,,Y,,,
19AUCR,CSCI,1101,9,32348,20,24,83.30%,12,Active,8/26/2019,12/14/2019,Lecture,,R. Brugler,Delaware Hall,202,12:00 PM,12:50 PM,W,,Y,,Y,,,
19AUCR,CSCI,1101,9,32348,20,24,83.30%,12,Active,8/26/2019,12/14/2019,Lab,,R. Brugler,Delaware Hall,202,12:50 PM,1:50 PM,W,,Y,,Y,,,
19AUCR,CSCI,1101,10,32349,12,24,50.00%,12,Active,8/26/2019,12/14/2019,Lecture,,J. Abrams,Center for Workforce Devlp.,309,2:00 PM,2:50 PM,W,,Y,,Y,,,
19AUCR,CSCI,1101,10,32349,12,24,50.00%,12,Active,8/26/2019,12/14/2019,Lab,,J. Abrams,Center for Workforce Devlp.,309,2:50 PM,3:50 PM,W,,Y,,Y,,,
19AUCR,CSCI,1101,11,32350,3,24,12.50%,12,Active,8/26/2019,12/14/2019,Lecture,,A. Nimely,Center for Workforce Devlp.,309,8:00 AM,9:50 AM,W,,,,,Y,,
19AUCR,CSCI,1101,11,32350,3,24,12.50%,12,Active,8/26/2019,12/14/2019,Lab,,A. Nimely,Center for Workforce Devlp.,309,9:50 AM,11:50 AM,W,,,,,Y,,
19AUCR,CSCI,1101,12,32351,8,24,33.30%,12,Active,8/26/2019,12/14/2019,Lecture,,A. Nimely,Delaware Hall,202,6:00 PM,7:50 PM,W,,,,,Y,,
19AUCR,CSCI,1101,12,32351,8,24,33.30%,12,Active,8/26/2019,12/14/2019,Lab,,A. Nimely,Delaware Hall,202,7:50 PM,9:50 PM,W,,,,,Y,,
19AUCR,CSCI,1101,13,32352,11,24,45.80%,12,Active,8/26/2019,12/14/2019,Lecture,,L. Weatherby,Delaware Hall,202,8:00 AM,9:50 AM,W,,,,,,Y,
19AUCR,CSCI,1101,13,32352,11,24,45.80%,12,Active,8/26/2019,12/14/2019,Lab,,L. Weatherby,Delaware Hall,202,9:50 AM,11:50 AM,W,,,,,,Y,
19AUCR,CSCI,1101,16,32353,5,24,20.80%,12,Active,8/26/2019,12/14/2019,Lecture,,J. Abrams,Center for Workforce Devlp.,309,4:00 PM,4:50 PM,W,,Y,,Y,,,
19AUCR,CSCI,1101,16,32353,5,24,20.80%,12,Active,8/26/2019,12/14/2019,Lab,,J. Abrams,Center for Workforce Devlp.,309,4:50 PM,5:50 PM,W,,Y,,Y,,,
19AUCR,CSCI,1101,21,32355,0,24,0.00%,12,Pending,8/26/2019,12/14/2019,Lecture,,To be Announced,Delaware Hall,209,12:00 PM,12:50 PM,W,Y,,Y,,,,
19AUCR,CSCI,1101,21,32355,0,24,0.00%,12,Pending,8/26/2019,12/14/2019,Lab,,To be Announced,Delaware Hall,209,12:51 PM,1:50 PM,W,Y,,Y,,,,
19AUCR,CSCI,1101,22,32356,4,24,16.70%,12,Active,8/26/2019,12/14/2019,Lecture,,J. Abrams,Delaware Hall,209,10:00 AM,10:50 AM,W,,Y,,Y,,,
19AUCR,CSCI,1101,22,32356,4,24,16.70%,12,Active,8/26/2019,12/14/2019,Lab,,J. Abrams,Delaware Hall,209,10:50 AM,11:50 AM,W,,Y,,Y,,,
19AUCR,CSCI,1101,23,32357,6,20,30.00%,12,Active,8/26/2019,12/14/2019,Lecture,,S. Bailey,Center for Workforce Devlp.,355,6:00 PM,7:50 PM,W,,Y,,,,,
19AUCR,CSCI,1101,23,32357,6,20,30.00%,12,Active,8/26/2019,12/14/2019,Lab,,S. Bailey,Center for Workforce Devlp.,355,7:50 PM,9:50 PM,W,,Y,,,,,
19AUCR,CSCI,1101,201,32358,8,24,33.30%,12,Active,8/26/2019,12/14/2019,Lecture,Dublin Center,T. Casparro,Dublin Center,334,9:00 AM,10:50 AM,W,,,,Y,,,
19AUCR,CSCI,1101,201,32358,8,24,33.30%,12,Active,8/26/2019,12/14/2019,Lab,Dublin Center,T. Casparro,Dublin Center,334,11:00 AM,12:50 PM,W,,,,Y,,,
19AUCR,CSCI,1101,301,32359,8,24,33.30%,12,Active,8/26/2019,12/14/2019,Lecture,Reynoldsburg High School,S. Bailey,Reynoldsburg Center,105,6:00 PM,6:50 PM,W,Y,,Y,,,,
19AUCR,CSCI,1101,301,32359,8,24,33.30%,12,Active,8/26/2019,12/14/2019,Lab,Reynoldsburg High School,S. Bailey,Reynoldsburg Center,105,7:00 PM,7:50 PM,W,Y,,Y,,,,
19SUCR,CSCI,1101,301,29436,5,23,21.70%,12,Active,5/27/2019,8/10/2019,Lecture,Reynoldsburg High School,S. Bailey,Reynoldsburg High School,105,6:00 PM,7:20 PM,W,Y,,Y,,,,
19SUCR,CSCI,1101,301,29436,5,23,21.70%,12,Active,5/27/2019,8/10/2019,Lab,Reynoldsburg High School,S. Bailey,,,7:20 PM,8:20 PM,W,Y,,Y,,,,
19AUCR,CSCI,1101,302,32360,0,24,0.00%,12,Active,8/26/2019,12/14/2019,Lecture,Reynoldsburg High School,To be Announced,Reynoldsburg Center,103,8:00 AM,8:50 AM,W,Y,,Y,,,,
19AUCR,CSCI,1101,302,32360,0,24,0.00%,12,Active,8/26/2019,12/14/2019,Lab,Reynoldsburg High School,To be Announced,Reynoldsburg Center,103,9:00 AM,9:50 AM,W,Y,,Y,,,,
19AUCR,CSCI,1101,303,33267,7,22,31.80%,12,Active,8/26/2019,12/14/2019,Lecture,Reynoldsburg High School,R. Pavkovich,Reynoldsburg Center,103,11:00 AM,11:50 AM,W,Y,,Y,,,,
19AUCR,CSCI,1101,303,33267,7,22,31.80%,12,Active,8/26/2019,12/14/2019,Lab,Reynoldsburg High School,R. Pavkovich,Reynoldsburg Center,103,12:00 PM,12:50 PM,W,Y,,Y,,,,
19SUCR,CSCI,1101,701,27840,4,0,#Error,8,Active,5/27/2019,8/10/2019,Lecture,Goodale Cent-Elec Trades,R. Pavkovich,Goodale Center/Elect Trades,227,5:00 PM,6:25 PM,W,,Y,,Y,,,
19SUCR,CSCI,1101,701,27840,4,0,#Error,8,Active,5/27/2019,8/10/2019,Lab,Goodale Cent-Elec Trades,R. Pavkovich,Goodale Center/Elect Trades,227,6:25 PM,7:50 PM,W,,Y,,Y,,,
19SUCR,CSCI,1101,701X,27841,0,20,0.00%,8,Active,5/27/2019,8/10/2019,Lecture,Goodale Cent-Elec Trades,To be Announced,Goodale Center/Elect Trades,227,5:00 PM,6:25 PM,W,,Y,,Y,,,
19SUCR,CSCI,1101,701X,27841,0,20,0.00%,8,Active,5/27/2019,8/10/2019,Lab,Goodale Cent-Elec Trades,To be Announced,Goodale Center/Elect Trades,227,6:25 PM,7:50 PM,W,,Y,,Y,,,
19AUCR,CSCI,1101,8235,34087,4,0,#Error,12,Active,8/26/2019,12/14/2019,Lecture,Licking Heights High School,G. Walters,,,7:25 AM,8:15 AM,W,Y,Y,Y,Y,,,
19AUCR,CSCI,1101,8300,34286,0,0,#Error,12,Active,8/26/2019,12/14/2019,Lecture,Whetstone High School,L. Bycynski,,,10:07 AM,10:56 AM,W,Y,Y,Y,Y,Y,,
19AUCR,CSCI,1101,8310,34205,0,0,#Error,12,Active,8/26/2019,12/14/2019,Lecture,Westerville South High School,L. Marburger,,,10:07 AM,10:54 AM,W,Y,Y,Y,Y,,,
19AUCR,CSCI,1101,8360,34424,0,0,#Error,12,Active,8/26/2019,12/14/2019,Lecture,Central Crossing High School,M. Killoran,,,8:00 AM,10:00 AM,W,Y,,Y,,,,
19AUCR,CSCI,1101,8435,34197,0,0,#Error,12,Active,8/26/2019,12/14/2019,Lecture,Westerville North High School,A. Mosely,,,12:27 PM,1:14 PM,W,Y,Y,Y,Y,,,
19AUCR,CSCI,1101,901,32361,17,20,85.00%,12,Active,8/26/2019,12/14/2019,Lecture,Delaware Campus,A. Miller,Moeller Hall,203,10:00 AM,10:50 AM,W,Y,,Y,,,,
19AUCR,CSCI,1101,901,32361,17,20,85.00%,12,Active,8/26/2019,12/14/2019,Lab,Delaware Campus,A. Miller,Moeller Hall,203,10:50 AM,11:50 AM,W,Y,,Y,,,,
19AUCR,CSCI,1101,902,32362,10,20,50.00%,12,Active,8/26/2019,12/14/2019,Lecture,Delaware Campus,A. Miller,Moeller Hall,245,1:30 PM,2:20 PM,W,,Y,,Y,,,
19AUCR,CSCI,1101,902,32362,10,20,50.00%,12,Active,8/26/2019,12/14/2019,Lab,Delaware Campus,A. Miller,Moeller Hall,245,2:20 PM,3:20 PM,W,,Y,,Y,,,
19AUCR,CSCI,1101,903,32363,0,20,0.00%,12,Pending,8/26/2019,12/14/2019,Lecture,Delaware Campus,To be Announced,,,6:00 PM,7:50 PM,W,,Y,,,,,
19AUCR,CSCI,1101,903,32363,0,20,0.00%,12,Pending,8/26/2019,12/14/2019,Lab,Delaware Campus,To be Announced,,,8:00 PM,9:50 PM,W,,Y,,,,,
19SUCR,CSCI,1101,B01,27842,13,24,54.20%,12,Active,5/27/2019,8/10/2019,Lecture,,C. Feeney,Center for Workforce Devlp.,309,8:00 AM,9:50 AM,W,Y,,Y,,,,
19SUCR,CSCI,1101,B01,27842,13,24,54.20%,12,Active,5/27/2019,8/10/2019,Other Technology,,C. Feeney,,,,,W,,,,,,,
19SUCR,CSCI,1101,B02,27843,14,24,58.30%,12,Active,5/27/2019,8/10/2019,Lecture,,C. Feeney,Center for Workforce Devlp.,309,10:00 AM,11:50 AM,W,Y,,Y,,,,
19SUCR,CSCI,1101,B02,27843,14,24,58.30%,12,Active,5/27/2019,8/10/2019,Other Technology,,C. Feeney,,,,,W,,,,,,,
19SUCR,CSCI,1101,B03,27844,13,24,54.20%,12,Active,5/27/2019,8/10/2019,Lecture,,V. Dunson,Center for Workforce Devlp.,309,12:00 PM,1:50 PM,W,Y,,Y,,,,
19SUCR,CSCI,1101,B03,27844,13,24,54.20%,12,Active,5/27/2019,8/10/2019,Other Technology,,V. Dunson,,,,,W,,,,,,,
19SUCR,CSCI,1101,B06,27845,11,24,45.80%,12,Active,5/27/2019,8/10/2019,Lecture,,V. Dunson,Delaware Hall,202,6:00 PM,9:50 PM,W,Y,,,,,,
19SUCR,CSCI,1101,B06,27845,11,24,45.80%,12,Active,5/27/2019,8/10/2019,Other Technology,,V. Dunson,,,,,W,,,,,,,
19SUCR,CSCI,1101,B08,27847,12,24,50.00%,12,Active,5/27/2019,8/10/2019,Lecture,,R. Brugler,Delaware Hall,202,10:00 AM,11:50 AM,W,,Y,,Y,,,
19SUCR,CSCI,1101,B08,27847,12,24,50.00%,12,Active,5/27/2019,8/10/2019,Other Technology,,R. Brugler,,,,,W,,,,,,,
19SUCR,CSCI,1101,B15,27848,12,24,50.00%,12,Active,5/27/2019,8/10/2019,Lecture,,A. Nimely,Center for Workforce Devlp.,307,6:00 PM,9:50 PM,W,,,Y,,,,
19SUCR,CSCI,1101,B15,27848,12,24,50.00%,12,Active,5/27/2019,8/10/2019,Other Technology,,A. Nimely,,,,,W,,,,,,,
19AUCR,CSCI,1101,B20,32364,0,24,0.00%,12,Pending,8/26/2019,12/14/2019,Lecture,Dublin Center,To be Announced,Dublin Center,332,9:00 AM,10:50 AM,W,,,,,,Y,
19AUCR,CSCI,1101,B20,32364,0,24,0.00%,12,Pending,8/26/2019,12/14/2019,Lab,Dublin Center,To be Announced,Dublin Center,332,,,W,,,,,,,
19AUCR,CSCI,1101,B41,32365,6,24,25.00%,12,Active,8/26/2019,12/14/2019,Lecture,Westerville,L. Weatherby,Westerville Center,107,6:00 PM,8:50 PM,W,,,,Y,,,
19AUCR,CSCI,1101,B41,32365,6,24,25.00%,12,Active,8/26/2019,12/14/2019,Lab,Westerville,L. Weatherby,Westerville Center,107,,,W,,,,,,,
19SUCR,CSCI,1101,B41,27849,5,24,20.80%,12,Active,5/27/2019,8/10/2019,Lecture,Westerville,J. Abrams,Westerville Center,107,9:00 AM,12:50 PM,W,,,,,Y,,
19SUCR,CSCI,1101,B41,27849,5,24,20.80%,12,Active,5/27/2019,8/10/2019,Lab,Westerville,J. Abrams,,,,,W,,,,,,,
19AUCR,CSCI,1101,B91,33117,9,20,45.00%,12,Active,8/26/2019,12/14/2019,Lecture,Delaware Campus,J. Liddle,Moeller Hall,245,6:00 PM,8:50 PM,W,,Y,,,,,
19AUCR,CSCI,1101,B91,33117,9,20,45.00%,12,Active,8/26/2019,12/14/2019,Lab,Delaware Campus,J. Liddle,,,,,W,,,,,,,
19SUCR,CSCI,1101,B92,27851,10,20,50.00%,12,Active,5/27/2019,8/10/2019,Lecture,Delaware Campus,J. Liddle,Moeller Hall,241,6:00 PM,9:50 PM,W,,Y,,,,,
19SUCR,CSCI,1101,B92,27851,10,20,50.00%,12,Active,5/27/2019,8/10/2019,Lab,Delaware Campus,J. Liddle,,,,,W,,,,,,,
19SUCR,CSCI,1101,W01,27852,18,24,75.00%,12,Active,5/27/2019,8/10/2019,Other Technology,,M. Soliday,,,,,W,,,,,,,
19AUCR,CSCI,1101,W01,32366,24,24,100.00%,12,Active,8/26/2019,12/14/2019,Other Technology,,T. Fogle,,,,,W,,,,,,,
19AUCR,CSCI,1101,W02,32367,24,24,100.00%,12,Active,8/26/2019,12/14/2019,Other Technology,,T. Fogle,,,,,W,,,,,,,
19SUCR,CSCI,1101,W02,27853,19,24,79.20%,12,Active,5/27/2019,8/10/2019,Other Technology,,M. Soliday,,,,,W,,,,,,,
19SUCR,CSCI,1101,W03,27854,18,24,75.00%,12,Active,5/27/2019,8/10/2019,Other Technology,,T. Fogle,,,,,W,,,,,,,
19AUCR,CSCI,1101,W03,32368,24,24,100.00%,12,Active,8/26/2019,12/14/2019,Other Technology,,T. Fogle,,,,,W,,,,,,,
19SUCR,CSCI,1101,W04,27855,14,24,58.30%,12,Active,5/27/2019,8/10/2019,Other Technology,,T. Fogle,,,,,W,,,,,,,
19SUCR,CSCI,1101,W05,27856,14,24,58.30%,12,Active,5/27/2019,8/10/2019,Other Technology,,"T. Fogle, M. Insabella",,,,,W,,,,,,,
19AUCR,CSCI,1101,W05,32369,24,24,100.00%,12,Active,8/26/2019,12/14/2019,Other Technology,,M. Soliday,,,,,W,,,,,,,
19AUCR,CSCI,1101,W06,32370,24,24,100.00%,12,Active,8/26/2019,12/14/2019,Other Technology,,M. Jackson,,,,,W,,,,,,,
19SUCR,CSCI,1101,W06,27857,14,24,58.30%,12,Active,5/27/2019,8/10/2019,Other Technology,,E. Helms,,,,,W,,,,,,,
19SUCR,CSCI,1101,W07,27858,14,24,58.30%,12,Active,5/27/2019,8/10/2019,Other Technology,,T. Casparro,,,,,W,,,,,,,
19SUCR,CSCI,1101,W08,27859,6,24,25.00%,12,Active,5/27/2019,8/10/2019,Other Technology,,E. Daugherty,,,,,W,,,,,,,
19AUCR,CSCI,1101,W08,32371,24,24,100.00%,12,Active,8/26/2019,12/14/2019,Other Technology,,M. Jackson,,,,,W,,,,,,,
19AUCR,CSCI,1101,W09,32372,24,24,100.00%,12,Active,8/26/2019,12/14/2019,Other Technology,,M. Jackson,,,,,W,,,,,,,
19SUCR,CSCI,1101,W09,27860,18,24,75.00%,12,Active,5/27/2019,8/10/2019,Other Technology,,E. Helms,,,,,W,,,,,,,
19AUCR,CSCI,1101,W10,32373,9,24,37.50%,12,Active,8/26/2019,12/14/2019,Other Technology,,E. Helms,,,,,W,,,,,,,
19AUCR,CSCI,1101,W13,32374,5,24,20.80%,12,Active,8/26/2019,12/14/2019,Other Technology,,E. Helms,,,,,W,,,,,,,
19AUCR,CSCI,1101,W14,32375,2,24,8.30%,12,Active,8/26/2019,12/14/2019,Other Technology,,T. Sowards,,,,,W,,,,,,,
19AUCR,CSCI,1101,W15,32376,7,24,29.20%,12,Active,8/26/2019,12/14/2019,Other Technology,,J. Campbell,,,,,W,,,,,,,
19AUCR,CSCI,1101,W16,32377,3,24,12.50%,12,Active,8/26/2019,12/14/2019,Other Technology,,E. Helms,,,,,W,,,,,,,
19AUCR,CSCI,1101,W22,32378,11,24,45.80%,12,Active,8/26/2019,12/14/2019,Other Technology,,C. McKinley,,,,,W,,,,,,,
19AUCR,CSCI,1101,W23,32379,5,24,20.80%,12,Active,8/26/2019,12/14/2019,Other Technology,,E. Daugherty,,,,,W,,,,,,,
19AUCR,CSCI,1101,W26,32380,11,24,45.80%,12,Active,8/26/2019,12/14/2019,Other Technology,,T. Casparro,,,,,W,,,,,,,
19SUCR,CSCI,1101,W91,29498,12,24,50.00%,12,Active,5/27/2019,8/10/2019,Lecture,Delaware Campus,J. Liddle,,,,,W,,,,,,,
19AUCR,CSCI,1102,W01,32381,16,24,66.70%,12,Active,8/26/2019,12/14/2019,Other Technology,,M. Soliday,,,,,W,,,,,,,
19SUCR,CSCI,1102,W01,27862,17,24,70.80%,12,Active,5/27/2019,8/10/2019,Other Technology,,M. Jackson,,,,,W,,,,,,,
19SUCR,CSCI,1102,W02,33658,14,24,58.30%,12,Active,5/27/2019,8/10/2019,Other Technology,,M. Jackson,,,,,W,,,,,,,
19AUCR,CSCI,1102,W02,34860,0,24,0.00%,12,Pending,8/26/2019,12/14/2019,Other Technology,,To be Announced,,,,,W,,,,,,,
19AUCR,CSCI,1103,1,32382,24,24,100.00%,12,Active,8/26/2019,12/14/2019,Lecture,,P. Carpenter,Delaware Hall,215,2:00 PM,2:50 PM,W,Y,,Y,,,,
19AUCR,CSCI,1103,1,32382,24,24,100.00%,12,Active,8/26/2019,12/14/2019,Lab,,P. Carpenter,Delaware Hall,215,2:55 PM,3:50 PM,W,Y,,Y,,,,
19AUCR,CSCI,1103,2,32383,21,24,87.50%,12,Active,8/26/2019,12/14/2019,Lecture,,G. Baker,Delaware Hall,215,8:00 AM,9:50 AM,W,,,,,,Y,
19AUCR,CSCI,1103,2,32383,21,24,87.50%,12,Active,8/26/2019,12/14/2019,Lab,,G. Baker,Delaware Hall,215,10:00 AM,11:50 AM,W,,,,,,Y,
19AUCR,CSCI,1103,3,32384,12,24,50.00%,12,Active,8/26/2019,12/14/2019,Lecture,,P. Carpenter,Center for Workforce Devlp.,307,6:00 PM,6:50 PM,W,,Y,,,,,
19AUCR,CSCI,1103,3,32384,12,24,50.00%,12,Active,8/26/2019,12/14/2019,Lab,,P. Carpenter,Center for Workforce Devlp.,307,7:00 PM,9:50 PM,W,,Y,,,,,
19AUCR,CSCI,1103,4,32385,24,24,100.00%,12,Active,8/26/2019,12/14/2019,Lecture,,R. Pavkovich,Delaware Hall,217,10:00 AM,10:50 AM,W,,Y,,Y,,,
19AUCR,CSCI,1103,4,32385,24,24,100.00%,12,Active,8/26/2019,12/14/2019,Lab,,R. Pavkovich,Delaware Hall,217,11:00 AM,11:50 AM,W,,Y,,Y,,,
19AUCR,CSCI,1103,5,32386,2,24,8.30%,12,Active,8/26/2019,12/14/2019,Lecture,,B. Mesa,Delaware Hall,209,6:00 PM,6:50 PM,W,,,,Y,,,
19AUCR,CSCI,1103,5,32386,2,24,8.30%,12,Active,8/26/2019,12/14/2019,Lab,,B. Mesa,Delaware Hall,209,7:00 PM,9:50 PM,W,,,,Y,,,
19AUCR,CSCI,1103,7,32387,20,20,100.00%,12,Active,8/26/2019,12/14/2019,Lecture,,R. Pavkovich,Center for Workforce Devlp.,355,1:00 PM,1:50 PM,W,,Y,,Y,,,
19AUCR,CSCI,1103,7,32387,20,20,100.00%,12,Active,8/26/2019,12/14/2019,Lab,,R. Pavkovich,Center for Workforce Devlp.,355,1:55 PM,2:50 PM,W,,Y,,Y,,,
19AUCR,CSCI,1103,9,32388,12,24,50.00%,12,Active,8/26/2019,12/14/2019,Lecture,,To be Announced,Delaware Hall,209,2:00 PM,2:50 PM,W,,Y,,Y,,,
19AUCR,CSCI,1103,9,32388,12,24,50.00%,12,Active,8/26/2019,12/14/2019,Lab,,To be Announced,Delaware Hall,209,3:00 PM,3:50 PM,W,,Y,,Y,,,
19AUCR,CSCI,1103,15,32389,23,24,95.80%,12,Active,8/26/2019,12/14/2019,Lecture,,M. Luermann,Delaware Hall,215,10:00 AM,10:50 AM,W,Y,,Y,,,,
19AUCR,CSCI,1103,15,32389,23,24,95.80%,12,Active,8/26/2019,12/14/2019,Lab,,M. Luermann,Delaware Hall,215,10:55 AM,11:50 AM,W,Y,,Y,,,,
19AUCR,CSCI,1103,20,32390,2,24,8.30%,12,Active,8/26/2019,12/14/2019,Lecture,,J. Sheffer,Delaware Hall,209,6:00 PM,6:50 PM,W,Y,,,,,,
19AUCR,CSCI,1103,20,32390,2,24,8.30%,12,Active,8/26/2019,12/14/2019,Lab,,J. Sheffer,Delaware Hall,209,7:00 PM,9:50 PM,W,Y,,,,,,
19AUCR,CSCI,1103,22,32391,14,24,58.30%,12,Active,8/26/2019,12/14/2019,Lecture,,M. Luermann,Delaware Hall,109,1:00 PM,1:50 PM,W,Y,,Y,,,,
19AUCR,CSCI,1103,22,32391,14,24,58.30%,12,Active,8/26/2019,12/14/2019,Lab,,M. Luermann,Delaware Hall,109,1:55 PM,2:50 PM,W,Y,,Y,,,,
19AUCR,CSCI,1103,24,32392,5,24,20.80%,12,Active,8/26/2019,12/14/2019,Lecture,,A. Gawedar,Delaware Hall,217,1:00 PM,1:50 PM,W,,,,,Y,,
19AUCR,CSCI,1103,24,32392,5,24,20.80%,12,Active,8/26/2019,12/14/2019,Lab,,A. Gawedar,Delaware Hall,217,1:55 PM,4:50 PM,W,,,,,Y,,
19AUCR,CSCI,1103,25,33533,3,20,15.00%,12,Active,8/26/2019,12/14/2019,Lecture,,A. Gawedar,Center for Workforce Devlp.,354,1:00 PM,1:50 PM,W,,,,Y,,,
19AUCR,CSCI,1103,25,33533,3,20,15.00%,12,Active,8/26/2019,12/14/2019,Lab,,A. Gawedar,Center for Workforce Devlp.,354,1:55 PM,4:50 PM,W,,,,Y,,,
19AUCR,CSCI,1103,26,33820,15,24,62.50%,12,Active,8/26/2019,12/14/2019,Lecture,,C. Wells,Delaware Hall,209,6:00 PM,6:50 PM,W,,,Y,,,,
19AUCR,CSCI,1103,26,33820,15,24,62.50%,12,Active,8/26/2019,12/14/2019,Lab,,C. Wells,Delaware Hall,209,7:00 PM,9:50 PM,W,,,Y,,,,
19AUCR,CSCI,1103,201,32393,16,18,88.90%,12,Active,8/26/2019,12/14/2019,Lecture,Dublin Center,G. Baker,Dublin Center,334,6:00 PM,7:50 PM,W,,Y,,,,,
19AUCR,CSCI,1103,201,32393,16,18,88.90%,12,Active,8/26/2019,12/14/2019,Lab,Dublin Center,G. Baker,Dublin Center,334,7:50 PM,9:50 PM,W,,Y,,,,,
19AUCR,CSCI,1103,8050,34237,2,0,#Error,12,Active,8/26/2019,12/14/2019,Lecture,Thomas Worthington High School,N. Stohs,Thomas Worthington,232,8:00 AM,8:50 AM,W,Y,Y,Y,Y,Y,,
19AUCR,CSCI,1103,8325,34163,0,0,#Error,12,Active,8/26/2019,12/14/2019,Lecture,Marysville Early College Hs,J. Brown,,,7:45 AM,9:12 AM,W,Y,,Y,,Y,,
19AUCR,CSCI,1103,8360,34425,0,0,#Error,12,Active,8/26/2019,12/14/2019,Lecture,Central Crossing High School,M. Killoran,,,8:00 AM,10:00 AM,W,,Y,,Y,,,
19AUCR,CSCI,1103,8505,34147,0,0,#Error,12,Active,8/26/2019,12/14/2019,Lecture,Dublin Emerald Campus,D. Jones,,,7:30 AM,8:30 AM,W,Y,,Y,,,,
19AUCR,CSCI,1103,8505,34147,0,0,#Error,12,Active,8/26/2019,12/14/2019,Lab,Dublin Emerald Campus,D. Jones,,,7:30 AM,8:30 AM,W,,Y,,Y,,,
19AUCR,CSCI,1103,901,32394,20,20,100.00%,12,Active,8/26/2019,12/14/2019,Lecture,Delaware Campus,M. Hooker-Myers,Moeller Hall,203,10:30 AM,11:00 AM,W,,Y,,Y,,,
19AUCR,CSCI,1103,901,32394,20,20,100.00%,12,Active,8/26/2019,12/14/2019,Lab,Delaware Campus,M. Hooker-Myers,Moeller Hall,203,11:00 AM,12:20 PM,W,,Y,,Y,,,
19AUCR,CSCI,1103,902,32395,9,20,45.00%,12,Active,8/26/2019,12/14/2019,Lecture,Delaware Campus,R. Hoben,Moeller Hall,203,6:00 PM,8:20 PM,W,,,,Y,,,
19AUCR,CSCI,1103,902,32395,9,20,45.00%,12,Active,8/26/2019,12/14/2019,Lab,Delaware Campus,R. Hoben,Moeller Hall,203,8:20 PM,9:50 PM,W,,,,Y,,,
19SUCR,CSCI,1103,B01,29773,15,24,62.50%,12,Active,5/27/2019,8/10/2019,Lecture,,M. Luermann,Delaware Hall,215,10:00 AM,11:50 AM,W,Y,,Y,,,,
19SUCR,CSCI,1103,B01,29773,15,24,62.50%,12,Active,5/27/2019,8/10/2019,Lab,,M. Luermann,Delaware Hall,215,,,W,,,,,,,
19SUCR,CSCI,1103,B02,29775,16,24,66.70%,12,Active,5/27/2019,8/10/2019,Lecture,,A. Gawedar,Delaware Hall,215,2:00 PM,2:50 PM,W,Y,,Y,,,,
19SUCR,CSCI,1103,B02,29775,16,24,66.70%,12,Active,5/27/2019,8/10/2019,Lab,,A. Gawedar,Delaware Hall,215,2:55 PM,3:50 PM,W,Y,,Y,,,,
19SUCR,CSCI,1103,B03,29776,22,24,91.70%,12,Active,5/27/2019,8/10/2019,Lecture,,R. Pavkovich,Delaware Hall,215,10:00 AM,10:50 AM,W,,Y,,Y,,,
19SUCR,CSCI,1103,B03,29776,22,24,91.70%,12,Active,5/27/2019,8/10/2019,Lab,,R. Pavkovich,Delaware Hall,215,10:55 AM,11:50 AM,W,,Y,,Y,,,
19SUCR,CSCI,1103,B04,29777,16,24,66.70%,12,Active,5/27/2019,8/10/2019,Lecture,,P. Carpenter,Delaware Hall,215,6:00 PM,9:50 PM,W,,Y,,,,,
19SUCR,CSCI,1103,B04,29777,16,24,66.70%,12,Active,5/27/2019,8/10/2019,Lab,,P. Carpenter,Delaware Hall,215,,,W,,,,,,,
19SUCR,CSCI,1103,B05,29778,24,24,100.00%,12,Active,5/27/2019,8/10/2019,Lecture,,M. Hooker-Myers,Delaware Hall,217,6:00 PM,6:50 PM,W,,,Y,,,,
19SUCR,CSCI,1103,B05,29778,24,24,100.00%,12,Active,5/27/2019,8/10/2019,Lab,,M. Hooker-Myers,Delaware Hall,217,6:55 PM,9:50 PM,W,,,Y,,,,
19SUCR,CSCI,1103,B06,29779,9,24,37.50%,12,Active,5/27/2019,8/10/2019,Lecture,,C. Wells,Delaware Hall,215,6:00 PM,6:50 PM,W,,,,Y,,,
19SUCR,CSCI,1103,B06,29779,9,24,37.50%,12,Active,5/27/2019,8/10/2019,Lab,,C. Wells,Delaware Hall,215,6:55 PM,9:50 PM,W,,,,Y,,,
19SUCR,CSCI,1103,B07,29780,17,24,70.80%,12,Active,5/27/2019,8/10/2019,Lecture,,G. Baker,Delaware Hall,215,8:00 AM,8:50 AM,W,,,,,,Y,
19SUCR,CSCI,1103,B07,29780,17,24,70.80%,12,Active,5/27/2019,8/10/2019,Lab,,G. Baker,Delaware Hall,215,8:55 AM,11:50 AM,W,,,,,,Y,
19SUCR,CSCI,1103,B21,29249,16,18,88.90%,12,Active,5/27/2019,8/10/2019,Lecture,Dublin Center,G. Baker,,,,,W,,,,,,,
19SUCR,CSCI,1103,B21,29249,16,18,88.90%,12,Active,5/27/2019,8/10/2019,Lab,Dublin Center,G. Baker,Dublin Center,334,6:00 PM,9:50 PM,W,,Y,,,,,
19SUCR,CSCI,1103,B91,29499,6,18,33.30%,12,Active,5/27/2019,8/10/2019,Lecture,Delaware Campus,M. Hooker-Myers,Moeller Hall,203,11:00 AM,12:50 PM,W,,Y,,Y,,,
19SUCR,CSCI,1103,B91,29499,6,18,33.30%,12,Active,5/27/2019,8/10/2019,Lab,Delaware Campus,M. Hooker-Myers,,,,,W,,,,,,,
19AUCR,CSCI,1143,W01,32828,12,24,50.00%,12,Active,8/26/2019,10/19/2019,Lab,,M. Heywood,,,,,W,,,,,,,
19SUCR,CSCI,1143,W01,27863,12,24,50.00%,12,Active,6/10/2019,8/8/2019,Other Technology,,M. Heywood,,,,,W,,,,,,,
19AUCR,CSCI,1145,8300,34287,0,0,#Error,12,Active,8/26/2019,12/14/2019,Lecture,Whetstone High School,L. Bycynski,,,11:57 AM,12:46 PM,W,Y,Y,Y,Y,Y,,
19AUCR,CSCI,1145,8360,34426,0,0,#Error,12,Active,8/26/2019,12/14/2019,Lecture,Central Crossing High School,M. Killoran,,,12:30 PM,1:55 PM,W,Y,,Y,,,,
19SUCR,CSCI,1145,B01,27864,16,24,66.70%,12,Active,5/27/2019,8/10/2019,Lecture,,M. Soliday,Delaware Hall,217,1:00 PM,3:50 PM,W,,,,Y,,,
19SUCR,CSCI,1145,B01,27864,16,24,66.70%,12,Active,5/27/2019,8/10/2019,Other Technology,,M. Soliday,,,,,W,,,,,,,
19AUCR,CSCI,1145,B01,32396,17,24,70.80%,12,Active,8/26/2019,12/14/2019,Lecture,,M. Soliday,Delaware Hall,217,6:00 PM,8:50 PM,W,,,Y,,,,
19AUCR,CSCI,1145,B02,32397,20,24,83.30%,12,Active,8/26/2019,12/14/2019,Lecture,,M. Cardona-Lebron,Delaware Hall,217,9:00 AM,11:50 AM,W,,,Y,,,,
19AUCR,CSCI,1145,B03,32398,22,24,91.70%,12,Active,8/26/2019,12/14/2019,Lecture,,T. Fogle,Delaware Hall,215,10:00 AM,12:50 PM,W,,Y,,,,,
19SUCR,CSCI,1145,B03,27865,11,24,45.80%,12,Active,5/27/2019,8/10/2019,Lecture,,T. Fogle,Delaware Hall,217,10:00 AM,12:50 PM,W,,Y,,,,,
19SUCR,CSCI,1145,B03,27865,11,24,45.80%,12,Active,5/27/2019,8/10/2019,Other Technology,,T. Fogle,,,,,W,,,,,,,
19AUCR,CSCI,1145,B04,32399,11,24,45.80%,12,Active,8/26/2019,12/14/2019,Lecture,,M. Heywood,Delaware Hall,109,2:00 PM,4:50 PM,W,,,,Y,,,
19AUCR,CSCI,1145,B20,33118,3,24,12.50%,12,Active,8/26/2019,12/14/2019,Lecture,Dublin Center,P. Insabella,Dublin Center,334,6:00 PM,8:50 PM,W,,,,Y,,,
19AUCR,CSCI,1145,B91,32400,5,20,25.00%,12,Active,8/26/2019,12/14/2019,Lab,Delaware Campus,P. Insabella,,,,,W,,,,,,,
19AUCR,CSCI,1145,B91,32400,5,20,25.00%,12,Active,8/26/2019,12/14/2019,Lecture,Delaware Campus,P. Insabella,Moeller Hall,245,6:00 PM,8:50 PM,W,Y,,,,,,
19AUCR,CSCI,1145,W01,32401,10,24,41.70%,12,Active,8/26/2019,12/14/2019,Other Technology,,M. Cardona-Lebron,,,,,W,,,,,,,
19SUCR,CSCI,1145,W01,27867,19,24,79.20%,12,Active,5/27/2019,8/10/2019,Other Technology,,M. Cardona-Lebron,,,,,W,,,,,,,
19SUCR,CSCI,1145,W02,27868,16,24,66.70%,12,Active,5/27/2019,8/10/2019,Other Technology,,M. Cardona-Lebron,,,,,W,,,,,,,
19AUCR,CSCI,1145,W02,32402,14,24,58.30%,12,Active,8/26/2019,12/14/2019,Other Technology,,M. Heywood,,,,,W,,,,,,,
19AUCR,CSCI,1145,W03,33513,0,24,0.00%,12,Pending,8/26/2019,12/14/2019,Other Technology,,L. Crawford,,,,,W,,,,,,,
19AUCR,CSCI,1152,1,32403,18,18,100.00%,12,Active,8/26/2019,12/14/2019,Lecture,,To be Announced,Center for Workforce Devlp.,306,6:00 PM,7:50 PM,W,,,,Y,,,
19AUCR,CSCI,1152,1,32403,18,18,100.00%,12,Active,8/26/2019,12/14/2019,Other Technology,,To be Announced,Center for Workforce Devlp.,306,7:50 PM,10:20 PM,W,,,,Y,,,
19AUCR,CSCI,1152,2,32404,18,18,100.00%,12,Active,8/26/2019,12/14/2019,Lecture,,To be Announced,Center for Workforce Devlp.,306,1:00 PM,1:50 PM,W,Y,,Y,,,,
19AUCR,CSCI,1152,2,32404,18,18,100.00%,12,Active,8/26/2019,12/14/2019,Lab,,To be Announced,Center for Workforce Devlp.,306,2:00 PM,3:20 PM,W,Y,,Y,,,,
19AUCR,CSCI,1152,3,32405,18,18,100.00%,12,Active,8/26/2019,12/14/2019,Lecture,,To be Announced,Center for Workforce Devlp.,306,1:00 PM,3:10 PM,W,,Y,,,,,
19AUCR,CSCI,1152,3,32405,18,18,100.00%,12,Active,8/26/2019,12/14/2019,Lab,,To be Announced,Center for Workforce Devlp.,306,3:20 PM,5:20 PM,W,,Y,,,,,
19AUCR,CSCI,1152,201,32406,18,18,100.00%,12,Active,8/26/2019,12/14/2019,Lecture,Dublin Center,To be Announced,Dublin Center,334,5:30 PM,7:20 PM,W,Y,,,,,,
19AUCR,CSCI,1152,201,32406,18,18,100.00%,12,Active,8/26/2019,12/14/2019,Lab,Dublin Center,To be Announced,Dublin Center,334,7:20 PM,9:50 PM,W,Y,,,,,,
19SUCR,CSCI,1152,B01,27869,12,18,66.70%,12,Active,5/27/2019,8/10/2019,Lecture,,M. McEntie,Center for Workforce Devlp.,306,6:00 PM,10:20 PM,W,,,,Y,,,
19SUCR,CSCI,1152,B01,27869,12,18,66.70%,12,Active,5/27/2019,8/10/2019,Other Technology,,M. McEntie,,,,,W,,,,,,,
19SUCR,CSCI,1152,B03,27871,15,18,83.30%,12,Active,5/27/2019,8/10/2019,Lecture,,M. McEntie,Center for Workforce Devlp.,306,1:00 PM,5:20 PM,W,,Y,,,,,
19SUCR,CSCI,1152,B03,27871,15,18,83.30%,12,Active,5/27/2019,8/10/2019,Other Technology,,M. McEntie,,,,,W,,,,,,,
19SUCR,CSCI,1152,B21,29856,9,18,50.00%,12,Active,5/27/2019,8/10/2019,Lecture,Dublin Center,A. Dimichele,Dublin Center,334,5:30 PM,9:50 PM,W,Y,,,,,,
19SUCR,CSCI,1152,B91,27872,18,20,90.00%,12,Active,5/27/2019,8/10/2019,Lecture,Delaware Campus,V. Yoder,Moeller Hall,203,2:00 PM,4:40 PM,W,,,,Y,,,
19SUCR,CSCI,1152,B91,27872,18,20,90.00%,12,Active,5/27/2019,8/10/2019,Lab,Delaware Campus,V. Yoder,,,,,W,,,,,,,
19AUCR,CSCI,1152,B91,32407,13,20,65.00%,12,Active,8/26/2019,12/14/2019,Lecture,Delaware Campus,V. Yoder,Moeller Hall,203,1:30 PM,4:20 PM,W,,,,Y,,,
19AUCR,CSCI,1152,B91,32407,13,20,65.00%,12,Active,8/26/2019,12/14/2019,Lab,Delaware Campus,V. Yoder,,,,,W,,,,,,,
19AUCR,CSCI,1152,B92,32408,20,20,100.00%,12,Active,8/26/2019,12/14/2019,Lecture,Delaware Campus,V. Yoder,Moeller Hall,203,12:30 PM,3:20 PM,W,,Y,,,,,
19AUCR,CSCI,1152,B92,32408,20,20,100.00%,12,Active,8/26/2019,12/14/2019,Lab,Delaware Campus,V. Yoder,,,,,W,,,,,,,
19SUCR,CSCI,1152,W01,27873,11,24,45.80%,12,Active,5/27/2019,8/10/2019,Other Technology,,P. Opong,,,,,W,,,,,,,
19SUCR,CSCI,1152,W02,27874,12,24,50.00%,12,Active,5/27/2019,8/10/2019,Other Technology,,D. Lamb,,,,,W,,,,,,,
19AUCR,CSCI,1152,W02,32409,24,24,100.00%,12,Active,8/26/2019,12/14/2019,Other Technology,,To be Announced,,,,,W,,,,,,,
19SUCR,CSCI,1152,W03,27875,15,24,62.50%,12,Active,5/27/2019,8/10/2019,Other Technology,,D. Lamb,,,,,W,,,,,,,
19AUCR,CSCI,1152,W04,32410,23,24,95.80%,12,Active,8/26/2019,12/14/2019,Other Technology,,To be Announced,,,,,W,,,,,,,
19AUCR,CSCI,1152,W05,32411,24,24,100.00%,12,Active,8/26/2019,12/14/2019,Other Technology,,To be Announced,,,,,W,,,,,,,
19AUCR,CSCI,1152,W06,32412,23,24,95.80%,12,Active,8/26/2019,12/14/2019,Other Technology,,To be Announced,,,,,W,,,,,,,
19SUCR,CSCI,1275,1,27876,17,24,70.80%,12,Active,5/27/2019,8/10/2019,Lecture,,C. Casebolt,Center for Workforce Devlp.,309,6:00 PM,8:50 PM,W,,,Y,,,,
19SUCR,CSCI,1275,1,27876,17,24,70.80%,12,Active,5/27/2019,8/10/2019,Lab,,C. Casebolt,,,,,W,,,,,,,
19SUCR,CSCI,1275,2,27877,10,24,41.70%,12,Active,5/27/2019,8/10/2019,Lecture,,L. Walden,Center for Workforce Devlp.,309,9:00 AM,11:50 AM,W,,,,,,Y,
19SUCR,CSCI,1275,2,27877,10,24,41.70%,12,Active,5/27/2019,8/10/2019,Lab,,L. Walden,,,,,W,,,,,,,
19SUCR,CSCI,1275,3,27878,15,24,62.50%,12,Active,5/27/2019,8/10/2019,Lecture,,J. Crider,Center for Workforce Devlp.,309,9:00 AM,11:50 AM,W,,Y,,,,,
19SUCR,CSCI,1275,3,27878,15,24,62.50%,12,Active,5/27/2019,8/10/2019,Lab,,J. Crider,Center for Workforce Devlp.,309,,,W,,,,,,,
19AUCR,CSCI,1275,8360,34427,0,0,#Error,12,Active,8/26/2019,12/14/2019,Lecture,Central Crossing High School,M. Killoran,,,12:30 PM,2:10 PM,W,,Y,,Y,,,
19AUCR,CSCI,1275,B01,32413,7,24,29.20%,12,Active,8/26/2019,12/14/2019,Lecture,,C. Casebolt,Center for Workforce Devlp.,309,6:00 PM,7:50 PM,W,,,Y,,,,
19AUCR,CSCI,1275,B01,32413,7,24,29.20%,12,Active,8/26/2019,12/14/2019,Lab,,C. Casebolt,Center for Workforce Devlp.,309,7:51 PM,9:50 PM,W,,,Y,,,,
19AUCR,CSCI,1275,B02,32414,23,24,95.80%,12,Active,8/26/2019,12/14/2019,Lecture,,M. Cardona-Lebron,Center for Workforce Devlp.,309,9:00 AM,10:50 AM,W,,Y,,,,,
19AUCR,CSCI,1275,B02,32414,23,24,95.80%,12,Active,8/26/2019,12/14/2019,Lab,,M. Cardona-Lebron,Center for Workforce Devlp.,309,11:00 AM,12:50 PM,W,,Y,,,,,
19AUCR,CSCI,1275,B03,32415,9,24,37.50%,12,Active,8/26/2019,12/14/2019,Lecture,,J. Crider,Center for Workforce Devlp.,309,6:00 PM,7:50 PM,W,,Y,,,,,
19AUCR,CSCI,1275,B03,32415,9,24,37.50%,12,Active,8/26/2019,12/14/2019,Lab,,J. Crider,Center for Workforce Devlp.,309,7:51 PM,9:50 PM,W,,Y,,,,,
19AUCR,CSCI,1275,B04,33549,8,24,33.30%,12,Active,8/26/2019,12/14/2019,Lecture,,J. Bohn,Center for Workforce Devlp.,309,9:00 AM,9:50 AM,W,,,,,,Y,
19AUCR,CSCI,1275,B04,33549,8,24,33.30%,12,Active,8/26/2019,12/14/2019,Lab,,J. Bohn,Center for Workforce Devlp.,309,9:55 AM,11:50 AM,W,,,,,,Y,
19AUCR,CSCI,1275,B91,32416,3,24,12.50%,12,Active,8/26/2019,12/14/2019,Lecture,Delaware Campus,G. Walter,Moeller Hall,207,6:00 PM,9:20 PM,W,,Y,,,,,
19AUCR,CSCI,1275,B91,32416,3,24,12.50%,12,Active,8/26/2019,12/14/2019,Lab,Delaware Campus,G. Walter,,,,,W,,,,,,,
19SUCR,CSCI,1320,B01,27880,21,24,87.50%,12,Active,5/27/2019,8/10/2019,Lecture,,D. Nowak,Delaware Hall,217,1:00 PM,1:50 PM,W,,,,,Y,,
19SUCR,CSCI,1320,B01,27880,21,24,87.50%,12,Active,5/27/2019,8/10/2019,Lab,,D. Nowak,Delaware Hall,217,1:55 PM,4:20 PM,W,,,,,Y,,
19AUCR,CSCI,1320,B01,33534,24,24,100.00%,12,Active,8/26/2019,12/14/2019,Lecture,,C. Apiou,Delaware Hall,215,6:00 PM,6:50 PM,W,Y,,,,,,
19AUCR,CSCI,1320,B01,33534,24,24,100.00%,12,Active,8/26/2019,12/14/2019,Lab,,C. Apiou,Delaware Hall,215,6:55 PM,9:20 PM,W,Y,,,,,,
19AUCR,CSCI,1320,B02,33535,24,24,100.00%,12,Active,8/26/2019,12/14/2019,Lecture,,R. Hoben,Delaware Hall,215,6:00 PM,6:50 PM,W,,,Y,,,,
19AUCR,CSCI,1320,B02,33535,24,24,100.00%,12,Active,8/26/2019,12/14/2019,Lab,,R. Hoben,Delaware Hall,215,6:55 PM,9:20 PM,W,,,Y,,,,
19SUCR,CSCI,1320,B02,29785,20,24,83.30%,12,Active,5/27/2019,8/10/2019,Lecture,,I. Abimbola,Delaware Hall,215,6:00 PM,9:20 PM,W,Y,,,,,,
19SUCR,CSCI,1320,B02,29785,20,24,83.30%,12,Active,5/27/2019,8/10/2019,Lab,,I. Abimbola,Delaware Hall,215,6:55 PM,9:20 PM,W,Y,,,,,,
19SUCR,CSCI,1320,B03,29786,18,24,75.00%,12,Active,5/27/2019,8/10/2019,Lecture,,R. Hoben,Delaware Hall,217,6:00 PM,6:50 PM,W,,,,Y,,,
19SUCR,CSCI,1320,B03,29786,18,24,75.00%,12,Active,5/27/2019,8/10/2019,Lab,,R. Hoben,Delaware Hall,217,6:55 PM,9:20 PM,W,,,,Y,,,
19AUCR,CSCI,1320,B03,33536,24,24,100.00%,12,Active,8/26/2019,12/14/2019,Lecture,,D. Nowak,Delaware Hall,215,1:00 PM,1:50 PM,W,,,,,Y,,
19AUCR,CSCI,1320,B03,33536,24,24,100.00%,12,Active,8/26/2019,12/14/2019,Lab,,D. Nowak,Delaware Hall,215,1:55 PM,4:20 PM,W,,,,,Y,,
19SUCR,CSCI,1320,B91,27881,8,20,40.00%,12,Active,5/27/2019,8/10/2019,Lecture,Delaware Campus,F. Myers,Moeller Hall,203,12:00 PM,2:20 PM,W,,,,,,Y,
19SUCR,CSCI,1320,B91,27881,8,20,40.00%,12,Active,5/27/2019,8/10/2019,Lab,Delaware Campus,F. Myers,,,,,W,,,,,,,
19AUCR,CSCI,1320,B91,32418,13,20,65.00%,12,Active,8/26/2019,12/14/2019,Lecture,Delaware Campus,F. Myers,Moeller Hall,203,12:00 PM,3:20 PM,W,,,,,,Y,
19AUCR,CSCI,1320,B91,32418,13,20,65.00%,12,Active,8/26/2019,12/14/2019,Lab,Delaware Campus,F. Myers,,,,,W,,,,,,,
19AUCR,CSCI,1320,W01,32419,24,24,100.00%,12,Active,8/26/2019,12/14/2019,Other Technology,,D. Bittner,,,,,W,,,,,,,
19SUCR,CSCI,1320,W01,27882,20,24,83.30%,12,Active,5/27/2019,8/10/2019,Lecture,,D. Bittner,,,,,W,,,,,,,
19SUCR,CSCI,1320,W01,27882,20,24,83.30%,12,Active,5/27/2019,8/10/2019,Lab,,D. Bittner,,,,,W,,,,,,,
19SUCR,CSCI,1320,W02,27883,17,24,70.80%,12,Active,5/27/2019,8/10/2019,Lecture,,L. Crawford,,,,,W,,,,,,,
19SUCR,CSCI,1320,W02,27883,17,24,70.80%,12,Active,5/27/2019,8/10/2019,Lab,,L. Crawford,,,,,W,,,,,,,
19AUCR,CSCI,1320,W02,32420,24,24,100.00%,12,Active,8/26/2019,12/14/2019,Other Technology,,L. Crawford,,,,,W,,,,,,,
19AUCR,CSCI,1320,W03,32421,15,24,62.50%,12,Active,8/26/2019,12/14/2019,Other Technology,,To be Announced,,,,,W,,,,,,,
19SUCR,CSCI,1320,W03,27884,0,24,0.00%,12,Pending,5/27/2019,8/10/2019,Lecture,,To be Announced,,,,,W,,,,,,,
19SUCR,CSCI,1320,W03,27884,0,24,0.00%,12,Pending,5/27/2019,8/10/2019,Lab,,To be Announced,,,,,W,,,,,,,
19AUCR,CSCI,1320,W04,32422,0,24,0.00%,12,Pending,8/26/2019,12/14/2019,Other Technology,,To be Announced,,,,,W,,,,,,,
19AUCR,CSCI,1511,8505,34148,0,0,#Error,12,Active,8/26/2019,12/14/2019,Lecture,Dublin Emerald Campus,D. Jones,,,12:30 PM,1:30 PM,W,Y,,Y,,,,
19AUCR,CSCI,1511,8505,34148,0,0,#Error,12,Active,8/26/2019,12/14/2019,Lab,Dublin Emerald Campus,D. Jones,,,12:30 PM,1:30 PM,W,,Y,,Y,Y,,
19AUCR,CSCI,1511,B01,32423,12,18,66.70%,12,Active,8/26/2019,12/14/2019,Lecture,,A. Nedjo,Eibling Hall,406,6:00 PM,6:50 PM,W,Y,,,,,,
19AUCR,CSCI,1511,B01,32423,12,18,66.70%,12,Active,8/26/2019,12/14/2019,Lab,,A. Nedjo,Eibling Hall,406,6:55 PM,9:20 PM,W,Y,,,,,,
19SUCR,CSCI,1511,B01,27885,11,18,61.10%,12,Active,5/27/2019,8/10/2019,Lecture,,P. Carswell,Eibling Hall,406,1:00 PM,4:20 PM,W,,Y,,,,,
19SUCR,CSCI,1511,B01,27885,11,18,61.10%,12,Active,5/27/2019,8/10/2019,Other Technology,,P. Carswell,,,,,W,,,,,,,
19SUCR,CSCI,1511,B02,27886,8,18,44.40%,12,Active,5/27/2019,8/10/2019,Lecture,,A. Nedjo,Eibling Hall,406,6:00 PM,9:20 PM,W,,Y,,,,,
19SUCR,CSCI,1511,B02,27886,8,18,44.40%,12,Active,5/27/2019,8/10/2019,Lab,,A. Nedjo,,,,,W,,,,,,,
19AUCR,CSCI,1511,B02,32424,15,18,83.30%,12,Active,8/26/2019,12/14/2019,Lecture,,P. Carswell,Eibling Hall,406,9:00 AM,9:50 AM,W,,,,Y,,,
19AUCR,CSCI,1511,B02,32424,15,18,83.30%,12,Active,8/26/2019,12/14/2019,Lab,,P. Carswell,Eibling Hall,406,9:55 AM,12:20 PM,W,,,,Y,,,
19AUCR,CSCI,1551,B01,32425,11,18,61.10%,12,Active,8/26/2019,12/14/2019,Lecture,,P. Carswell,Eibling Hall,406,9:00 AM,9:50 AM,W,,,,,Y,,
19AUCR,CSCI,1551,B01,32425,11,18,61.10%,12,Active,8/26/2019,12/14/2019,Lab,,P. Carswell,Eibling Hall,406,9:50 AM,11:50 AM,W,,,,,Y,,
19SUCR,CSCI,1551,B01,27887,5,18,27.80%,12,Active,5/27/2019,8/10/2019,Lecture,,P. Carswell,Eibling Hall,406,1:00 PM,4:20 PM,W,,,Y,,,,
19SUCR,CSCI,1551,B01,27887,5,18,27.80%,12,Active,5/27/2019,8/10/2019,Lab,,P. Carswell,,,,,W,,,,,,,
19AUCR,CSCI,1620,B01,33507,9,24,37.50%,12,Active,8/26/2019,12/14/2019,Lecture,,T. Fogle,Delaware Hall,217,6:00 PM,6:55 PM,W,Y,,,,,,
19AUCR,CSCI,1620,B01,33507,9,24,37.50%,12,Active,8/26/2019,12/14/2019,Lab,,T. Fogle,Delaware Hall,217,7:00 PM,8:50 PM,W,Y,,,,,,
19SUCR,CSCI,1620,W01,27888,14,24,58.30%,12,Active,5/27/2019,8/10/2019,Other Technology,,T. Fogle,,,,,W,,,,,,,
19AUCR,CSCI,1620,W01,32426,0,24,0.00%,12,Pending,8/26/2019,12/14/2019,Lecture,,To be Announced,,,,,W,,,,,,,
19AUCR,CSCI,1630,B01,32427,12,24,50.00%,12,Active,8/26/2019,12/14/2019,Lecture,,I. Abimbola,Delaware Hall,209,6:00 PM,6:50 PM,W,,Y,,,,,
19AUCR,CSCI,1630,B01,32427,12,24,50.00%,12,Active,8/26/2019,12/14/2019,Lab,,I. Abimbola,Delaware Hall,209,7:00 PM,9:20 PM,W,,Y,,,,,
19AUCR,CSCI,1630,B02,32428,24,24,100.00%,12,Active,8/26/2019,12/14/2019,Lecture,,J. Crider,Delaware Hall,217,1:00 PM,1:50 PM,W,,,,Y,,,
19AUCR,CSCI,1630,B02,32428,24,24,100.00%,12,Active,8/26/2019,12/14/2019,Lab,,J. Crider,Delaware Hall,217,1:55 PM,4:20 PM,W,,,,Y,,,
19AUCR,CSCI,1630,B91,32429,7,24,29.20%,12,Active,8/26/2019,12/14/2019,Lecture,Delaware Campus,M. Hooker-Myers,Moeller Hall,241,6:00 PM,9:20 PM,W,,,,Y,,,
19AUCR,CSCI,1630,B91,32429,7,24,29.20%,12,Active,8/26/2019,12/14/2019,Lab,Delaware Campus,M. Hooker-Myers,,,,,W,,,,,,,
19AUCR,CSCI,1772,1,32430,18,18,100.00%,12,Active,8/26/2019,12/14/2019,Lecture,,To be Announced,Center for Workforce Devlp.,306,6:00 PM,10:20 PM,W,,Y,,,,,
19SUCR,CSCI,1772,B01,29853,14,18,77.80%,12,Active,5/27/2019,8/10/2019,Lecture,,A. Atekoja,Center for Workforce Devlp.,306,6:00 PM,10:20 PM,W,Y,,,,,,
19AUCR,CSCI,2325,W01,33936,4,24,16.70%,12,Hold for cancellation,8/26/2019,12/14/2019,Lecture,,J. Bohn,,,,,W,,,,,,,
19SUCR,CSCI,2325,W01,27889,5,24,20.80%,12,Active,5/27/2019,8/10/2019,Other Technology,,C. Apiou,,,,,W,,,,,,,
19AUCR,CSCI,2330,B01,32431,14,24,58.30%,12,Active,8/26/2019,12/14/2019,Lecture,,L. Walden,Delaware Hall,109,6:00 PM,8:50 PM,W,,,,Y,,,
19SUCR,CSCI,2330,B01,29891,0,12,0.00%,12,Pending,5/27/2019,8/10/2019,Lecture,,To be Announced,,,,,W,,,,,,,
19AUCR,CSCI,2330,B02,33550,10,24,41.70%,12,Active,8/26/2019,12/14/2019,Lecture,,G. Walter,Center for Workforce Devlp.,309,11:00 AM,2:00 PM,W,Y,,,,,,
19AUCR,CSCI,2370,B01,32432,12,24,50.00%,12,Active,8/26/2019,12/14/2019,Lecture,,I. Abimbola,Center for Workforce Devlp.,309,6:00 PM,9:20 PM,W,Y,,,,,,
19SUCR,CSCI,2370,B01,27890,8,24,33.30%,12,Active,5/27/2019,8/10/2019,Lecture,,I. Abimbola,Delaware Hall,209,6:00 PM,9:20 PM,W,,,Y,,,,
19SUCR,CSCI,2370,B01,27890,8,24,33.30%,12,Active,5/27/2019,8/10/2019,Other Technology,,I. Abimbola,,,,,W,,,,,,,
19SUCR,CSCI,2370,B02,29788,6,24,25.00%,12,Active,5/27/2019,8/10/2019,Lecture,,R. Kramer,Delaware Hall,209,6:00 PM,9:20 PM,W,,Y,,,,,
19SUCR,CSCI,2370,B02,29788,6,24,25.00%,12,Active,5/27/2019,8/10/2019,Other Technology,,R. Kramer,,,,,W,,,,,,,
19AUCR,CSCI,2370,B02,33537,6,24,25.00%,12,Active,8/26/2019,12/14/2019,Lecture,,R. Kramer,Center for Workforce Devlp.,309,6:00 PM,6:50 PM,W,,,,Y,,,
19AUCR,CSCI,2370,B02,33537,6,24,25.00%,12,Active,8/26/2019,12/14/2019,Lab,,R. Kramer,Center for Workforce Devlp.,309,6:55 PM,9:20 PM,W,,,,Y,,,
19AUCR,CSCI,2370,B91,32433,5,20,25.00%,12,Active,8/26/2019,12/14/2019,Lecture,Delaware Campus,M. Withrow,Moeller Hall,241,6:00 PM,8:50 PM,W,,,Y,,,,
19AUCR,CSCI,2370,B91,32433,5,20,25.00%,12,Active,8/26/2019,12/14/2019,Lab,Delaware Campus,M. Withrow,,,,,W,,,,,,,
19AUCR,CSCI,2371,B01,33539,16,24,66.70%,12,Active,8/26/2019,12/14/2019,Lecture,,D. Nowak,Center for Workforce Devlp.,309,6:00 PM,6:50 PM,W,,,,,Y,,
19AUCR,CSCI,2371,B01,33539,16,24,66.70%,12,Active,8/26/2019,12/14/2019,Lab,,D. Nowak,Center for Workforce Devlp.,309,6:55 PM,9:20 PM,W,,,,,Y,,
19AUCR,CSCI,2380,B01,32434,16,24,66.70%,12,Active,8/26/2019,12/14/2019,Lecture,,To be Announced,Center for Workforce Devlp.,310,6:00 PM,6:50 PM,W,,Y,,,,,
19AUCR,CSCI,2380,B01,32434,16,24,66.70%,12,Active,8/26/2019,12/14/2019,Lab,,To be Announced,Center for Workforce Devlp.,310,7:00 PM,9:20 PM,W,,Y,,,,,
19AUCR,CSCI,2412,B01,32435,18,18,100.00%,12,Active,8/26/2019,12/14/2019,Lecture,,To be Announced,Delaware Hall,202,6:00 PM,6:50 PM,W,,,Y,,,,
19SUCR,CSCI,2412,B01,27892,9,18,50.00%,12,Active,5/27/2019,8/10/2019,Lecture,,A. Harris,Delaware Hall,202,6:00 PM,8:50 PM,W,,,Y,,,,
19SUCR,CSCI,2412,B01,27892,9,18,50.00%,12,Active,5/27/2019,8/10/2019,Other Technology,,A. Harris,,,,,W,,,,,,,
19AUCR,CSCI,2412,B01,32435,18,18,100.00%,12,Active,8/26/2019,12/14/2019,Lab,,To be Announced,Delaware Hall,202,6:55 PM,8:50 PM,W,,,Y,,,,
19AUCR,CSCI,2447,B01,32436,12,24,50.00%,12,Active,8/26/2019,12/14/2019,Lecture,,J. Crider,Delaware Hall,202,6:00 PM,9:20 PM,W,,,,Y,,,
19AUCR,CSCI,2447,B02,32437,24,24,100.00%,12,Active,8/26/2019,12/14/2019,Lecture,,M. Soliday,Delaware Hall,202,1:00 PM,1:50 PM,W,,,,,Y,,
19SUCR,CSCI,2447,B02,27893,10,24,41.70%,12,Active,5/27/2019,8/10/2019,Lecture,,M. Soliday,Delaware Hall,209,1:00 PM,4:20 PM,W,,,,,Y,,
19SUCR,CSCI,2447,B02,27893,10,24,41.70%,12,Active,5/27/2019,8/10/2019,Other Technology,,M. Soliday,Delaware Hall,209,,,W,,,,,,,
19AUCR,CSCI,2447,B02,32437,24,24,100.00%,12,Active,8/26/2019,12/14/2019,Lab,,M. Soliday,Delaware Hall,202,1:55 PM,4:20 PM,W,,,,,Y,,
19AUCR,CSCI,2447,B03,33514,8,24,33.30%,12,Active,8/26/2019,12/14/2019,Lecture,,C. Robinson,Delaware Hall,109,6:00 PM,6:50 PM,W,,,Y,,,,
19AUCR,CSCI,2447,B03,33514,8,24,33.30%,12,Active,8/26/2019,12/14/2019,Lab,,C. Robinson,Delaware Hall,109,6:55 PM,9:20 PM,W,,,Y,,,,
19SUCR,CSCI,2447,B03,27894,16,24,66.70%,12,Active,5/27/2019,8/10/2019,Lecture,,D. Nowak,Delaware Hall,209,6:00 PM,9:20 PM,W,,,,Y,,,
19SUCR,CSCI,2447,B03,27894,16,24,66.70%,12,Active,5/27/2019,8/10/2019,Other Technology,,D. Nowak,Delaware Hall,209,,,W,,,,,,,
19SUCR,CSCI,2447,B04,29789,0,24,0.00%,12,Pending,5/27/2019,8/10/2019,Lecture,,To be Announced,,,6:00 PM,9:20 PM,W,,,Y,,,,
19SUCR,CSCI,2447,B04,29789,0,24,0.00%,12,Pending,5/27/2019,8/10/2019,Other Technology,,To be Announced,,,,,W,,,,,,,
19AUCR,CSCI,2447,B91,32438,5,20,25.00%,12,Active,8/26/2019,12/14/2019,Lecture,Delaware Campus,M. Withrow,Moeller Hall,245,6:00 PM,9:20 PM,W,,,,Y,,,
19AUCR,CSCI,2447,B91,32438,5,20,25.00%,12,Active,8/26/2019,12/14/2019,Lab,Delaware Campus,M. Withrow,,,,,W,,,,,,,
19AUCR,CSCI,2467,902,32443,16,20,80.00%,12,Active,8/26/2019,12/14/2019,Lecture,Delaware Campus,F. Myers,Moeller Hall,203,6:00 PM,8:20 PM,W,,Y,,,,,
19AUCR,CSCI,2467,902,32443,16,20,80.00%,12,Active,8/26/2019,12/14/2019,Lab,Delaware Campus,F. Myers,Moeller Hall,203,8:20 PM,9:20 PM,W,,Y,,,,,
19AUCR,CSCI,2467,B01,32439,24,24,100.00%,12,Active,8/26/2019,12/14/2019,Lab,,T. Fogle,Delaware Hall,217,1:55 PM,4:20 PM,W,,,Y,,,,
19AUCR,CSCI,2467,B01,32439,24,24,100.00%,12,Active,8/26/2019,12/14/2019,Lecture,,T. Fogle,Delaware Hall,217,1:00 PM,1:50 PM,W,,,Y,,,,
19AUCR,CSCI,2467,B02,32440,24,24,100.00%,12,Active,8/26/2019,12/14/2019,Lecture,,R. Platt,Delaware Hall,217,1:00 PM,1:50 PM,W,,Y,,,,,
19AUCR,CSCI,2467,B02,32440,24,24,100.00%,12,Active,8/26/2019,12/14/2019,Lab,,R. Platt,Delaware Hall,217,1:55 PM,4:20 PM,W,,Y,,,,,
19AUCR,CSCI,2467,B03,32441,24,24,100.00%,12,Active,8/26/2019,12/14/2019,Lab,,R. Platt,Delaware Hall,215,1:55 PM,4:20 PM,W,,,,Y,,,
19AUCR,CSCI,2467,B03,32441,24,24,100.00%,12,Active,8/26/2019,12/14/2019,Lecture,,R. Platt,Delaware Hall,215,1:00 PM,1:50 PM,W,,,,Y,,,
19AUCR,CSCI,2467,B04,33531,23,24,95.80%,12,Active,8/26/2019,12/14/2019,Lecture,,E. Deese,Delaware Hall,217,6:00 PM,6:50 PM,W,,Y,,,,,
19AUCR,CSCI,2467,B04,33531,23,24,95.80%,12,Active,8/26/2019,12/14/2019,Lab,,E. Deese,Delaware Hall,217,6:55 PM,9:20 PM,W,,Y,,,,,
19AUCR,CSCI,2467,B05,33532,24,24,100.00%,12,Active,8/26/2019,12/14/2019,Lecture,,To be Announced,Delaware Hall,217,9:00 AM,9:50 AM,W,,,,,,Y,
19AUCR,CSCI,2467,B05,33532,24,24,100.00%,12,Active,8/26/2019,12/14/2019,Lab,,To be Announced,Delaware Hall,217,9:55 AM,12:20 PM,W,,,,,,Y,
19AUCR,CSCI,2469,1,32444,22,24,91.70%,12,Active,8/26/2019,12/14/2019,Lecture,,To be Announced,Delaware Hall,217,6:00 PM,10:20 PM,W,,,,Y,,,
19AUCR,CSCI,2521,B01,32446,14,24,58.30%,12,Active,8/26/2019,12/14/2019,Lecture,,A. Wood,Delaware Hall,109,6:00 PM,7:50 PM,W,,Y,,,,,
19AUCR,CSCI,2521,B01,32446,14,24,58.30%,12,Active,8/26/2019,12/14/2019,Lab,,A. Wood,Delaware Hall,109,8:00 PM,9:20 PM,W,,Y,,,,,
19AUCR,CSCI,2541,B01,33911,5,18,27.80%,12,Active,8/26/2019,12/14/2019,Lecture,,P. Carswell,Eibling Hall,405,1:00 PM,3:50 PM,W,Y,,,,,,
19AUCR,CSCI,2541,B01,33911,5,18,27.80%,12,Active,8/26/2019,12/14/2019,Lab,,P. Carswell,Eibling Hall,405,,,W,,,,,,,
19AUCR,CSCI,2551,B01,32447,4,18,22.20%,12,Active,8/26/2019,12/14/2019,Lecture,,T. Allenbaugh,Eibling Hall,407,1:00 PM,1:50 PM,W,,,Y,,,,
19AUCR,CSCI,2551,B01,32447,4,18,22.20%,12,Active,8/26/2019,12/14/2019,Lab,,T. Allenbaugh,Eibling Hall,407,1:55 PM,3:50 PM,W,,,Y,,,,
19AUCR,CSCI,2556,B01,33519,2,18,11.10%,12,Active,8/26/2019,12/14/2019,Lecture,,T. Allenbaugh,Eibling Hall,406,10:00 AM,10:50 AM,W,,,Y,,,,
19AUCR,CSCI,2556,B01,33519,2,18,11.10%,12,Active,8/26/2019,12/14/2019,Lab,,T. Allenbaugh,Eibling Hall,406,10:55 AM,12:50 PM,W,,,Y,,,,
19SUCR,CSCI,2630,B01,29839,10,24,41.70%,12,Active,5/27/2019,8/10/2019,Lecture,,D. Nowak,Center for Workforce Devlp.,309,6:00 PM,9:50 PM,W,,,,,Y,,
19SUCR,CSCI,2630,B01,29839,10,24,41.70%,12,Active,5/27/2019,8/10/2019,Lab,,D. Nowak,Center for Workforce Devlp.,309,6:55 PM,9:50 PM,W,,,,,Y,,
19SUCR,CSCI,2752,1,27895,10,18,55.60%,12,Active,5/27/2019,8/10/2019,Lecture,,O. Kumolu,Delaware Hall,211,6:00 PM,10:20 PM,W,,Y,,,,,
19SUCR,CSCI,2752,1,27895,10,18,55.60%,12,Active,5/27/2019,8/10/2019,Lab,,O. Kumolu,,,,,W,,,,,,,
19AUCR,CSCI,2752,2,33614,13,18,72.20%,12,Active,8/26/2019,12/14/2019,Lecture,,To be Announced,Delaware Hall,211,6:00 PM,7:50 PM,W,,Y,,,,,
19AUCR,CSCI,2752,2,33614,13,18,72.20%,12,Active,8/26/2019,12/14/2019,Lab,,To be Announced,Delaware Hall,211,7:50 PM,10:20 PM,W,,Y,,,,,
19AUCR,CSCI,2754,1,32453,7,18,38.90%,12,Active,8/26/2019,12/14/2019,Lecture,,To be Announced,Delaware Hall,211,6:00 PM,7:50 PM,W,,,,Y,,,
19AUCR,CSCI,2754,1,32453,7,18,38.90%,12,Active,8/26/2019,12/14/2019,Lab,,To be Announced,Delaware Hall,211,7:50 PM,10:20 PM,W,,,,Y,,,
19SUCR,CSCI,2754,2,29889,13,18,72.20%,12,Active,5/27/2019,8/10/2019,Lecture,,L. Price,Delaware Hall,211,10:00 AM,11:50 AM,W,,,,,,Y,
19SUCR,CSCI,2754,2,29889,13,18,72.20%,12,Active,5/27/2019,8/10/2019,Lab,,L. Price,Delaware Hall,211,12:00 PM,2:20 PM,W,,,,,,Y,
19AUCR,CSCI,2756,1,32454,11,18,61.10%,12,Active,8/26/2019,12/14/2019,Lecture,,To be Announced,Delaware Hall,211,6:00 PM,7:50 PM,W,Y,,,,,,
19AUCR,CSCI,2756,1,32454,11,18,61.10%,12,Active,8/26/2019,12/14/2019,Lab,,To be Announced,Delaware Hall,211,7:50 PM,10:20 PM,W,Y,,,,,,
19SUCR,CSCI,2756,1,27897,4,18,22.20%,12,Active,5/27/2019,8/10/2019,Lecture,,R. Thomson,Delaware Hall,211,6:00 PM,10:20 PM,W,Y,,,,,,
19SUCR,CSCI,2756,1,27897,4,18,22.20%,12,Active,5/27/2019,8/10/2019,Lab,,R. Thomson,,,,,W,,,,,,,
19AUCR,CSCI,2770,W01,32455,7,24,29.20%,12,Active,8/26/2019,12/14/2019,Other Technology,,To be Announced,,,,,W,,,,,,,
19SUCR,CSCI,2770,W02,34450,3,12,25.00%,12,Active,5/27/2019,8/10/2019,Lecture,,P. Opong,,,,,W,,,,,,,
19AUCR,CSCI,2774,1,32456,6,18,33.30%,12,Active,8/26/2019,12/14/2019,Lecture,,To be Announced,Center for Workforce Devlp.,306,6:00 PM,10:20 PM,W,Y,,,,,,
19AUCR,CSCI,2776,B01,32457,18,18,100.00%,12,Active,8/26/2019,12/14/2019,Lecture,,L. McWherter,Center for Workforce Devlp.,355,9:00 AM,9:50 AM,W,Y,,,,,,
19AUCR,CSCI,2776,B01,32457,18,18,100.00%,12,Active,8/26/2019,12/14/2019,Lab,,L. McWherter,Center for Workforce Devlp.,355,9:55 AM,11:50 AM,W,Y,,,,,,
19SUCR,CSCI,2776,B01,27898,11,18,61.10%,12,Active,5/27/2019,8/10/2019,Lecture,,J. Riggs,Delaware Hall,215,6:00 PM,9:50 PM,W,,,Y,,,,
19SUCR,CSCI,2776,B01,27898,11,18,61.10%,12,Active,5/27/2019,8/10/2019,Lab,,J. Riggs,,,,,W,,,,,,,
19SUCR,CSCI,2776,B02,27899,9,18,50.00%,12,Active,5/27/2019,8/10/2019,Lecture,,L. McWherter,Center for Workforce Devlp.,306,9:00 AM,12:50 PM,W,Y,,,,,,
19SUCR,CSCI,2776,B02,27899,9,18,50.00%,12,Active,5/27/2019,8/10/2019,Lab,,L. McWherter,,,,,W,,,,,,,
19AUCR,CSCI,2776,B02,32458,17,18,94.40%,12,Active,8/26/2019,12/14/2019,Lecture,,To be Announced,Center for Workforce Devlp.,355,6:00 PM,6:50 PM,W,,,,Y,,,
19AUCR,CSCI,2776,B02,32458,17,18,94.40%,12,Active,8/26/2019,12/14/2019,Lab,,To be Announced,Center for Workforce Devlp.,355,7:00 PM,9:50 PM,W,,,,Y,,,
19AUCR,CSCI,2778,1,32459,4,18,22.20%,12,Active,8/26/2019,12/14/2019,Lecture,,To be Announced,Center for Workforce Devlp.,306,6:00 PM,10:20 PM,W,,,,,Y,,
19AUCR,CSCI,2780,B01,32460,13,18,72.20%,12,Active,8/26/2019,12/14/2019,Lecture,,To be Announced,Center for Workforce Devlp.,354,9:00 AM,9:50 AM,W,,Y,,,,,
19AUCR,CSCI,2780,B01,32460,13,18,72.20%,12,Active,8/26/2019,12/14/2019,Lab,,To be Announced,Center for Workforce Devlp.,354,9:55 AM,11:50 AM,W,,Y,,,,,
19AUCR,CSCI,2780,B02,32461,10,18,55.60%,12,Active,8/26/2019,12/14/2019,Lecture,,P. Kamenan,Center for Workforce Devlp.,355,8:30 AM,9:30 AM,W,,,,,,Y,
19AUCR,CSCI,2780,B02,32461,10,18,55.60%,12,Active,8/26/2019,12/14/2019,Lab,,P. Kamenan,Center for Workforce Devlp.,355,9:35 AM,12:30 PM,W,,,,,,Y,
19SUCR,CSCI,2781,1,29871,18,24,75.00%,12,Active,5/27/2019,8/10/2019,Lecture,,T. Fichtenberg,Center for Workforce Devlp.,309,6:00 PM,9:50 PM,W,,Y,,,,,
19AUCR,CSCI,2781,B01,33540,24,24,100.00%,12,Active,8/26/2019,12/14/2019,Lecture,,T. Fichtenberg,Delaware Hall,202,6:00 PM,6:50 PM,W,,Y,,,,,
19AUCR,CSCI,2781,B01,33540,24,24,100.00%,12,Active,8/26/2019,12/14/2019,Lab,,T. Fichtenberg,Delaware Hall,202,6:55 PM,9:50 PM,W,,Y,,,,,
19AUCR,CSCI,2781,B02,34676,15,18,83.30%,12,Active,8/26/2019,12/14/2019,Lecture,,T. Fichtenberg,Center for Workforce Devlp.,355,8:00 AM,8:50 AM,W,,,,Y,,,
19AUCR,CSCI,2781,B02,34676,15,18,83.30%,12,Active,8/26/2019,12/14/2019,Lab,,T. Fichtenberg,Center for Workforce Devlp.,355,8:55 AM,11:50 AM,W,,,,Y,,,
19SUCR,CSCI,2783,1,29870,5,24,20.80%,12,Active,5/27/2019,8/10/2019,Lecture,,R. Pardee,Center for Workforce Devlp.,309,6:00 PM,9:50 PM,W,,,,Y,,,
19AUCR,CSCI,2783,B01,33541,10,18,55.60%,12,Active,8/26/2019,12/14/2019,Lecture,,M. Greer,Center for Workforce Devlp.,355,1:00 PM,1:50 PM,W,Y,,,,,,
19AUCR,CSCI,2783,B01,33541,10,18,55.60%,12,Active,8/26/2019,12/14/2019,Lab,,M. Greer,Center for Workforce Devlp.,355,1:55 PM,3:50 PM,W,Y,,,,,,
19AUCR,CSCI,2790,1,32462,18,18,100.00%,12,Active,8/26/2019,12/14/2019,Lecture,,To be Announced,Center for Workforce Devlp.,306,6:00 PM,10:20 PM,W,,,Y,,,,
19SUCR,CSCI,2790,B01,27900,17,18,94.40%,12,Active,5/27/2019,8/10/2019,Lecture,,W. Payne,Center for Workforce Devlp.,306,6:00 PM,10:20 PM,W,,,Y,,,,
19SUCR,CSCI,2790,B01,27900,17,18,94.40%,12,Active,5/27/2019,8/10/2019,Other Technology,,W. Payne,,,,,W,,,,,,,
19AUCR,CSCI,2792,W01,32463,3,24,12.50%,12,Active,8/26/2019,12/14/2019,Lecture,,To be Announced,,,,,W,,,,,,,
19AUCR,CSCI,2802,W01,32464,1,12,8.30%,12,Active,8/26/2019,12/14/2019,Seminar,,To be Announced,,,,,W,,,,,,,
19SUCR,CSCI,2802,W01,27901,13,12,108.30%,12,Active,5/27/2019,8/10/2019,Seminar,,P. Opong,Eibling Hall,312,,,W,,,,,,,
19SUCR,CSCI,2902,W01,27902,13,12,108.30%,12,Active,5/27/2019,8/10/2019,Practicum,,P. Opong,Eibling Hall,312,,,W,,,,,,,
19AUCR,CSCI,2902,W01,32465,1,12,8.30%,12,Active,8/26/2019,12/14/2019,Practicum,,To be Announced,,,,,W,,,,,,,
19AUCR,CSCI,2999,B01,32468,17,24,70.80%,12,Active,8/26/2019,12/14/2019,Lecture,,To be Announced,Delaware Hall,215,6:00 PM,9:50 PM,W,,Y,,,,,
19AUCR,CSCI,2999,B01,32468,17,24,70.80%,12,Active,8/26/2019,12/14/2019,Lab,,To be Announced,Delaware Hall,215,6:00 PM,9:50 PM,W,,,,Y,,,
19SUCR,CSCI,2999,B02,27904,12,20,60.00%,12,Active,5/27/2019,8/10/2019,Lab,,E. Wettee,Delaware Hall,202,7:30 PM,9:50 PM,W,,Y,,Y,,,
19SUCR,CSCI,2999,B02,27904,12,20,60.00%,12,Active,5/27/2019,8/10/2019,Lecture,,E. Wettee,Delaware Hall,202,6:00 PM,7:20 PM,W,,Y,,Y,,,
19SUCR,ITST,1101,B01,27652,10,15,66.70%,12,Active,6/10/2019,8/3/2019,Lecture,,D. Dyer,Eibling Hall,308,10:00 AM,10:45 AM,W,Y,,Y,,,,
19SUCR,ITST,1101,B01,27652,10,15,66.70%,12,Active,6/10/2019,8/3/2019,Lab,,D. Dyer,Eibling Hall,308,10:46 AM,11:50 AM,W,Y,,Y,,,,
19AUCR,ITST,1101,B01,32852,18,18,100.00%,12,Active,8/26/2019,10/19/2019,Lecture,,D. Dyer,Eibling Hall,308,8:00 AM,8:50 AM,W,Y,,Y,,,,
19AUCR,ITST,1101,B01,32852,18,18,100.00%,12,Active,8/26/2019,10/19/2019,Lab,,D. Dyer,Eibling Hall,308,8:55 AM,9:50 AM,W,Y,,Y,,,,
19AUCR,ITST,1101,B02,32853,18,18,100.00%,12,Active,8/26/2019,10/19/2019,Lecture,,D. Dyer,Eibling Hall,308,10:00 AM,10:50 AM,W,Y,,Y,,,,
19AUCR,ITST,1101,B02,32853,18,18,100.00%,12,Active,8/26/2019,10/19/2019,Lab,,D. Dyer,Eibling Hall,308,10:55 AM,11:50 AM,W,Y,,Y,,,,
19SUCR,ITST,1101,B02,27653,7,15,46.70%,12,Active,6/10/2019,8/3/2019,Lecture,,B. Horton,Eibling Hall,308,1:00 PM,1:45 PM,W,Y,,Y,,,,
19SUCR,ITST,1101,B02,27653,7,15,46.70%,12,Active,6/10/2019,8/3/2019,Lab,,B. Horton,Eibling Hall,308,1:46 PM,2:50 PM,W,Y,,Y,,,,
19SUCR,ITST,1101,B03,27654,7,15,46.70%,12,Active,6/10/2019,8/3/2019,Lecture,,A. Pagura,Eibling Hall,308,10:00 AM,10:50 AM,W,,Y,,Y,,,
19SUCR,ITST,1101,B03,27654,7,15,46.70%,12,Active,6/10/2019,8/3/2019,Lab,,A. Pagura,Eibling Hall,308,10:55 AM,11:50 AM,W,,Y,,Y,,,
19AUCR,ITST,1101,B03,32854,9,6,150.00%,6,Active,8/26/2019,10/19/2019,Lecture,,D. Pandolfi-De-Rinaldis,Eibling Hall,308,1:00 PM,1:50 PM,W,Y,,Y,,,,
19AUCR,ITST,1101,B03,32854,9,6,150.00%,6,Active,8/26/2019,10/19/2019,Lab,,D. Pandolfi-De-Rinaldis,Eibling Hall,308,1:55 PM,2:50 PM,W,Y,,Y,,,,
19AUCR,ITST,1101,B04,32855,18,18,100.00%,12,Active,8/26/2019,10/19/2019,Lecture,,D. Pandolfi-De-Rinaldis,Eibling Hall,308,4:00 PM,4:50 PM,W,Y,,Y,,,,
19AUCR,ITST,1101,B04,32855,18,18,100.00%,12,Active,8/26/2019,10/19/2019,Lab,,D. Pandolfi-De-Rinaldis,Eibling Hall,308,4:55 PM,5:50 PM,W,Y,,Y,,,,
19SUCR,ITST,1101,B04,27655,9,15,60.00%,12,Active,6/10/2019,8/3/2019,Lecture,,B. Horton,Eibling Hall,308,6:00 PM,7:30 PM,W,Y,,,,,,
19SUCR,ITST,1101,B04,27655,9,15,60.00%,12,Active,6/10/2019,8/3/2019,Lab,,B. Horton,Eibling Hall,308,7:40 PM,9:50 PM,W,Y,,,,,,
19SUCR,ITST,1101,B05,27656,12,15,80.00%,12,Active,6/10/2019,8/3/2019,Lecture,,A. Pagura,Eibling Hall,308,1:00 PM,1:50 PM,W,,Y,,,,,
19SUCR,ITST,1101,B05,27656,12,15,80.00%,12,Active,6/10/2019,8/3/2019,Lab,,A. Pagura,Eibling Hall,308,1:55 PM,4:20 PM,W,,Y,,,,,
19AUCR,ITST,1101,B05,32856,18,18,100.00%,12,Active,8/26/2019,10/19/2019,Lecture,,J. Dodaro,Eibling Hall,308,6:00 PM,7:30 PM,W,Y,,,,,,
19AUCR,ITST,1101,B05,32856,18,18,100.00%,12,Active,8/26/2019,10/19/2019,Lab,,J. Dodaro,Eibling Hall,308,7:30 PM,9:50 PM,W,Y,,,,,,
19AUCR,ITST,1101,B06,32857,18,18,100.00%,12,Active,8/26/2019,10/19/2019,Lecture,,A. Pagura,Eibling Hall,308,9:00 AM,9:50 AM,W,,Y,,Y,,,
19AUCR,ITST,1101,B06,32857,18,18,100.00%,12,Active,8/26/2019,10/19/2019,Lab,,A. Pagura,Eibling Hall,308,9:55 AM,10:50 AM,W,,Y,,Y,,,
19SUCR,ITST,1101,B06,27657,14,15,93.30%,12,Active,6/10/2019,8/3/2019,Lecture,,D. Pandolfi-De-Rinaldis,Eibling Hall,308,6:00 PM,7:30 PM,W,,Y,,,,,
19SUCR,ITST,1101,B06,27657,14,15,93.30%,12,Active,6/10/2019,8/3/2019,Lab,,D. Pandolfi-De-Rinaldis,Eibling Hall,308,7:40 PM,9:50 PM,W,,Y,,,,,
19AUCR,ITST,1101,B07,32858,18,18,100.00%,12,Active,8/26/2019,10/19/2019,Lecture,,A. Pagura,Eibling Hall,308,11:00 AM,11:50 AM,W,,Y,,Y,,,
19AUCR,ITST,1101,B07,32858,18,18,100.00%,12,Active,8/26/2019,10/19/2019,Lab,,A. Pagura,Eibling Hall,308,11:55 AM,12:50 PM,W,,Y,,Y,,,
19AUCR,ITST,1101,B08,32859,18,18,100.00%,12,Active,8/26/2019,10/19/2019,Lecture,,B. Horton,Eibling Hall,308,6:00 PM,7:30 PM,W,,Y,,,,,
19AUCR,ITST,1101,B08,32859,18,18,100.00%,12,Active,8/26/2019,10/19/2019,Lab,,B. Horton,Eibling Hall,308,7:30 PM,9:50 PM,W,,Y,,,,,
19AUCR,ITST,1101,B09,32860,18,18,100.00%,12,Active,8/26/2019,10/19/2019,Lecture,,T. Lewis,Eibling Hall,308,8:00 AM,9:30 AM,W,,,,,Y,,
19AUCR,ITST,1101,B09,32860,18,18,100.00%,12,Active,8/26/2019,10/19/2019,Lab,,T. Lewis,Eibling Hall,308,9:30 AM,11:50 AM,W,,,,,Y,,
19AUCR,ITST,1101,W01,32861,0,18,0.00%,12,Pending,8/26/2019,10/19/2019,Lecture,,To be Announced,,,,,W,,,,,,,
19AUCR,ITST,1101,W01,32861,0,18,0.00%,12,Pending,8/26/2019,10/19/2019,Lab,,To be Announced,,,,,W,,,,,,,
19AUCR,ITST,1101,W02,32862,0,18,0.00%,12,Pending,8/26/2019,10/19/2019,Lecture,,To be Announced,,,,,W,,,,,,,
19AUCR,ITST,1101,W02,32862,0,18,0.00%,12,Pending,8/26/2019,10/19/2019,Lab,,To be Announced,,,,,W,,,,,,,
19SUCR,ITST,1102,B01,27658,12,15,80.00%,12,Active,6/10/2019,8/3/2019,Lecture,,D. Pandolfi-De-Rinaldis,Eibling Hall,308,6:00 PM,7:30 PM,W,,,Y,,,,
19SUCR,ITST,1102,B01,27658,12,15,80.00%,12,Active,6/10/2019,8/3/2019,Lab,,D. Pandolfi-De-Rinaldis,Eibling Hall,308,7:35 PM,9:50 PM,W,,,Y,,,,
19SUCR,ITST,1102,B02,29790,9,15,60.00%,12,Active,6/10/2019,8/3/2019,Lecture,,A. Pagura,Eibling Hall,308,1:00 PM,1:50 PM,W,,,,Y,,,
19SUCR,ITST,1102,B02,29790,9,15,60.00%,12,Active,6/10/2019,8/3/2019,Lab,,A. Pagura,Eibling Hall,308,1:55 PM,4:20 PM,W,,,,Y,,,
19AUCR,ITST,1102,B02,32907,18,18,100.00%,12,Active,10/20/2019,12/14/2019,Lecture,,V. Borghese,Eibling Hall,308,10:00 AM,10:50 AM,W,Y,,Y,,,,
19AUCR,ITST,1102,B02,32907,18,18,100.00%,12,Active,10/20/2019,12/14/2019,Lab,,V. Borghese,Eibling Hall,308,10:55 AM,11:50 AM,W,Y,,Y,,,,
19AUCR,ITST,1102,B03,33528,17,18,94.40%,12,Active,10/20/2019,12/14/2019,Lecture,,V. Borghese,Eibling Hall,308,1:00 PM,1:50 PM,W,Y,,Y,,,,
19AUCR,ITST,1102,B03,33528,17,18,94.40%,12,Active,10/20/2019,12/14/2019,Lab,,V. Borghese,Eibling Hall,308,1:55 PM,2:50 PM,W,Y,,Y,,,,
19AUCR,ITST,1102,B04,32908,15,18,83.30%,12,Active,10/20/2019,12/14/2019,Lecture,,D. Pandolfi-De-Rinaldis,Eibling Hall,308,4:00 PM,4:50 PM,W,Y,,Y,,,,
19AUCR,ITST,1102,B04,32908,15,18,83.30%,12,Active,10/20/2019,12/14/2019,Lab,,D. Pandolfi-De-Rinaldis,Eibling Hall,308,4:55 PM,5:50 PM,W,Y,,Y,,,,
19AUCR,ITST,1102,B05,32909,16,18,88.90%,12,Active,10/20/2019,12/14/2019,Lecture,,J. Dodaro,Eibling Hall,308,6:00 PM,7:30 PM,W,Y,,,,,,
19AUCR,ITST,1102,B05,32909,16,18,88.90%,12,Active,10/20/2019,12/14/2019,Lab,,J. Dodaro,Eibling Hall,308,7:30 PM,9:50 PM,W,Y,,,,,,
19AUCR,ITST,1102,B06,32910,7,18,38.90%,12,Active,10/20/2019,12/14/2019,Lecture,,A. Pagura,Eibling Hall,308,9:00 AM,9:50 AM,W,,Y,,Y,,,
19AUCR,ITST,1102,B06,32910,7,18,38.90%,12,Active,10/20/2019,12/14/2019,Lab,,A. Pagura,Eibling Hall,308,9:55 AM,10:50 AM,W,,Y,,Y,,,
19AUCR,ITST,1102,B07,32912,14,18,77.80%,12,Active,10/20/2019,12/14/2019,Lecture,,A. Pagura,Eibling Hall,308,11:00 AM,11:50 AM,W,,Y,,Y,,,
19AUCR,ITST,1102,B07,32912,14,18,77.80%,12,Active,10/20/2019,12/14/2019,Lab,,A. Pagura,Eibling Hall,308,11:55 AM,12:50 PM,W,,Y,,Y,,,
19AUCR,ITST,1102,B08,32911,15,18,83.30%,12,Active,10/20/2019,12/14/2019,Lecture,,B. Horton,Eibling Hall,308,6:00 PM,7:30 PM,W,,Y,,,,,
19AUCR,ITST,1102,B08,32911,15,18,83.30%,12,Active,10/20/2019,12/14/2019,Lab,,B. Horton,Eibling Hall,308,7:30 PM,9:50 PM,W,,Y,,,,,
19SUCR,ITST,1102,B16,33825,8,12,66.70%,12,Active,6/13/2019,8/8/2019,Lecture,Amazon Fulfillment Center,D. Flom,Amazon Fulfillment Center Etna,CAREER C,4:00 PM,4:50 PM,W,,,,Y,,,
19SUCR,ITST,1102,B16,33825,8,12,66.70%,12,Active,6/13/2019,8/8/2019,Lab,Amazon Fulfillment Center,D. Flom,Amazon Fulfillment Center Etna,CAREER C,4:55 PM,7:50 PM,W,,,,Y,,,
19AUCR,ITST,1123,B01,32673,18,18,100.00%,12,Active,8/26/2019,12/14/2019,Lecture,,A. Pagura,Eibling Hall,308,1:00 PM,2:00 PM,W,,,,Y,,,
19AUCR,ITST,1123,B01,32673,18,18,100.00%,12,Active,8/26/2019,12/14/2019,Lab,,A. Pagura,Eibling Hall,308,2:00 PM,4:50 PM,W,,,,Y,,,
19AUCR,ITST,1123,B03,32675,15,18,83.30%,12,Active,8/26/2019,12/14/2019,Lecture,,T. Lewis,Eibling Hall,308,9:00 AM,9:50 AM,W,,,,,,Y,
19AUCR,ITST,1123,B03,32675,15,18,83.30%,12,Active,8/26/2019,12/14/2019,Lab,,T. Lewis,Eibling Hall,308,10:00 AM,12:20 PM,W,,,,,,Y,
19AUCR,ITST,1136,B01,32676,18,18,100.00%,12,Active,8/26/2019,12/14/2019,Lecture,,B. Horton,Eibling Hall,308,1:00 PM,2:00 PM,W,,Y,,,,,
19AUCR,ITST,1136,B01,32676,18,18,100.00%,12,Active,8/26/2019,12/14/2019,Lab,,B. Horton,Eibling Hall,308,2:00 PM,3:50 PM,W,,Y,,,,,
19AUCR,ITST,1136,B02,32677,18,18,100.00%,12,Active,8/26/2019,12/14/2019,Lecture,,A. Boyarko,Eibling Hall,308,6:00 PM,6:50 PM,W,,,Y,,,,
19AUCR,ITST,1136,B02,32677,18,18,100.00%,12,Active,8/26/2019,12/14/2019,Lab,,A. Boyarko,Eibling Hall,308,7:00 PM,8:50 PM,W,,,Y,,,,
19AUCR,ITST,1136,B03,34486,17,18,94.40%,12,Active,8/26/2019,12/14/2019,Lecture,,D. Dyer,Center for Workforce Devlp.,309,9:00 AM,9:50 AM,W,,,,Y,,,
19AUCR,ITST,1136,B03,34486,17,18,94.40%,12,Active,8/26/2019,12/14/2019,Lab,,D. Dyer,Center for Workforce Devlp.,309,9:55 AM,11:50 AM,W,,,,Y,,,
19SUCR,ITST,2238,1,28023,12,18,66.70%,12,Active,5/27/2019,8/10/2019,Lecture,,L. McWherter,Center for Workforce Devlp.,306,8:00 AM,11:50 AM,W,,Y,,,,,
19SUCR,ITST,2238,1,28023,12,18,66.70%,12,Active,5/27/2019,8/10/2019,Lab,,L. McWherter,,,,,W,,,,,,,
19AUCR,ITST,2238,B01,32678,17,18,94.40%,12,Active,8/26/2019,12/14/2019,Lecture,,L. McWherter,Center for Workforce Devlp.,355,8:00 AM,9:50 AM,W,,Y,,,,,
19AUCR,ITST,2238,B01,32678,17,18,94.40%,12,Active,8/26/2019,12/14/2019,Lab,,L. McWherter,Center for Workforce Devlp.,355,10:00 AM,11:50 AM,W,,Y,,,,,
19AUCR,ITST,2238,B02,32679,18,18,100.00%,12,Active,8/26/2019,12/14/2019,Lecture,,To be Announced,Center for Workforce Devlp.,355,6:00 PM,6:50 PM,W,Y,,,,,,
19AUCR,ITST,2238,B02,32679,18,18,100.00%,12,Active,8/26/2019,12/14/2019,Lab,,To be Announced,Center for Workforce Devlp.,355,7:00 PM,8:50 PM,W,Y,,,,,,
19AUCR,ITST,2252,B01,33529,15,15,100.00%,12,Active,8/26/2019,12/14/2019,Lecture,,Z. Wojton,Center for Workforce Devlp.,354,6:00 PM,6:50 PM,W,,,Y,,,,
19AUCR,ITST,2252,B01,33529,15,15,100.00%,12,Active,8/26/2019,12/14/2019,Lab,,Z. Wojton,Center for Workforce Devlp.,354,6:55 PM,7:50 PM,W,,,Y,,,,
19SUCR,ITST,2252,B01,33370,15,15,100.00%,12,Active,6/10/2019,8/3/2019,Lecture,,Z. Wojton,Eibling Hall,308,6:00 PM,6:50 PM,W,,,,Y,,,
19SUCR,ITST,2252,B01,33370,15,15,100.00%,12,Active,6/10/2019,8/3/2019,Lab,,Z. Wojton,Eibling Hall,308,6:55 PM,9:50 PM,W,,,,Y,,,
19AUCR,ITST,2252,B02,33530,15,15,100.00%,12,Active,8/26/2019,12/14/2019,Lecture,,Z. Wojton,Center for Workforce Devlp.,354,8:00 PM,8:50 PM,W,,,Y,,,,
19AUCR,ITST,2252,B02,33530,15,15,100.00%,12,Active,8/26/2019,12/14/2019,Lab,,Z. Wojton,Center for Workforce Devlp.,354,8:55 PM,9:50 PM,W,,,Y,,,,
19AUCR,ITST,2252,B03,34348,15,15,100.00%,12,Active,8/26/2019,12/14/2019,Lecture,,C. Combs,Eibling Hall,308,6:00 PM,6:50 PM,W,,,,Y,,,
19AUCR,ITST,2252,B03,34348,15,15,100.00%,12,Active,8/26/2019,12/14/2019,Lab,,C. Combs,Eibling Hall,308,6:55 PM,7:50 PM,W,,,,Y,,,
19AUCR,ITST,2258,B01,32680,18,18,100.00%,12,Active,8/26/2019,12/14/2019,Lecture,,M. Greer,Delaware Hall,215,1:00 PM,1:50 PM,W,,Y,,,,,
19AUCR,ITST,2258,B01,32680,18,18,100.00%,12,Active,8/26/2019,12/14/2019,Lab,,M. Greer,Delaware Hall,215,2:00 PM,3:50 PM,W,,Y,,,,,
19AUCR,ITST,2258,B02,34559,17,18,94.40%,12,Active,8/26/2019,12/14/2019,Lecture,,M. Greer,Center for Workforce Devlp.,354,6:00 PM,6:50 PM,W,Y,,,,,,
19AUCR,ITST,2258,B02,34559,17,18,94.40%,12,Active,8/26/2019,12/14/2019,Lab,,M. Greer,Center for Workforce Devlp.,354,6:55 PM,9:50 PM,W,Y,,,,,,
